Municipality,Year,Passenger Cars, Total_Miles, Total_Emissons
Aberdeen township,2019,"98,786,829","139,502,619","73,388.17"
Aberdeen township,2017,"97,772,592","115,779,566","49,604.60"
Absecon city,2015,"38,488,232","100,583,104","46,724.87"
Absecon city,2020,"25,192,020","62,366,131","32,487.58"
Alexandria township,2017,"37,796,863","46,619,414","19,086.39"
Alexandria township,2019,"23,745,754","33,532,759","13,311.51"
Allamuchy township,2017,"33,356,655","47,937,196","18,071.25"
Allamuchy township,2019,"24,921,165","35,192,623","16,085.06"
Allendale borough,2017,"42,564,813","58,271,297","30,925.74"
Allendale borough,2019,"45,353,628","56,912,150","27,772.30"
Allenhurst borough,2017,"2,900,257","3,538,267","1,890.91"
Allenhurst borough,2019,"2,434,390","3,437,744","1,488.17"
Allentown borough,2019,"8,271,657","11,680,887","4,314.23"
Allentown borough,2017,"9,534,560","11,111,401","2,812.58"
Alloway township,2020,"9,600,149","26,180,821","13,638.04"
Alloway township,2015,"8,082,447","21,060,214","9,783.31"
Alpha borough,2017,"17,280,979","26,721,594","10,646.78"
Alpha borough,2019,"15,789,766","22,297,646","10,510.15"
Alpine borough,2017,"11,934,465","15,409,607","6,378.88"
Alpine borough,2019,"9,595,838","12,019,549","4,882.13"
Andover borough,2019,"4,278,954","6,042,560","1,964.49"
Andover borough,2017,"3,565,018","5,057,013","1,911.77"
Andover township,2019,"40,867,331","57,711,133","20,622.96"
Andover township,2017,"37,054,811","49,830,470","20,502.33"
Asbury Park city,2019,"70,021,995","98,882,131","48,790.42"
Asbury Park city,2017,"64,560,801","76,371,347","33,447.95"
Atlantic City city,2020,"110,990,662","274,771,863","143,133.35"
Atlantic City city,2015,"105,845,245","257,185,004","119,472.70"
Atlantic Highlands borough,2019,"23,271,633","32,863,225","18,792.03"
Atlantic Highlands borough,2017,"21,521,177","25,719,927","11,514.51"
Audubon borough,2019,"20,843,998","54,472,600","28,375.71"
Audubon borough,2015,"23,381,769","48,691,730","22,619.25"
Audubon Park borough,2019,"2,161,636","5,649,105","2,942.72"
Audubon Park borough,2015,"2,346,555","4,886,620","2,270.03"
Avalon borough,2020,"4,725,996","13,509,549","7,037.35"
Avalon borough,2015,"3,959,645","9,621,228","4,469.44"
Avon-by-the-Sea borough,2019,"7,562,090","10,678,864","5,384.06"
Avon-by-the-Sea borough,2017,"7,949,724","9,585,256","4,064.04"
Barnegat Light borough,2019,"2,638,853","3,726,478","1,596.63"
Barnegat Light borough,2017,"1,846,301","2,573,773","1,045.34"
Barnegat township,2019,"95,537,786","134,914,455","50,870.88"
Barnegat township,2017,"101,835,160","125,968,873","44,051.62"
Barrington borough,2019,"20,170,661","52,712,935","27,459.07"
Barrington borough,2015,"20,895,171","43,513,475","20,213.75"
Bass River township,2015,"10,486,584","21,837,950","10,144.60"
Bass River township,2019,"6,918,716","18,081,005","9,418.70"
Bay Head borough,2017,"5,568,546","6,708,871","3,431.02"
Bay Head borough,2019,"4,618,712","6,522,351","2,786.68"
Bayonne city,2017,"240,509,652","300,125,162","152,759.17"
Bayonne city,2019,"182,505,987","257,727,312","146,369.47"
Beach Haven borough,2019,"7,943,509","11,217,491","3,661.23"
Beach Haven borough,2017,"6,045,075","8,321,786","3,287.76"
Beachwood borough,2019,"34,149,281","48,224,184","25,240.53"
Beachwood borough,2017,"37,742,001","47,705,166","20,165.27"
Bedminster township,2017,"120,380,785","152,252,646","62,328.73"
Bedminster township,2019,"93,981,185","132,716,290","61,448.07"
Belleville township,2019,"117,515,958","165,951,110","105,839.12"
Belleville township,2017,"130,721,246","158,335,804","80,397.48"
Bellmawr borough,2019,"39,367,419","102,880,725","53,592.33"
Bellmawr borough,2015,"37,395,546","77,874,940","36,176.02"
Belmar borough,2019,"27,671,984","39,077,215","19,698.54"
Belmar borough,2017,"27,541,268","32,980,418","14,078.14"
Belvidere town,2017,"29,792,618","41,543,375","16,751.94"
Belvidere town,2019,"21,562,820","30,450,111","15,781.49"
Bergenfield borough,2019,"100,760,191","124,471,651","75,016.82"
Bergenfield borough,2017,"81,008,245","110,579,749","55,224.84"
Berkeley Heights township,2019,"79,471,913","112,226,904","64,235.22"
Berkeley Heights township,2017,"90,792,981","110,279,721","49,415.06"
Berkeley township,2019,"170,884,307","241,315,662","122,401.29"
Berkeley township,2017,"170,442,417","216,016,420","96,388.32"
Berlin borough,2019,"25,497,724","66,634,400","34,711.00"
Berlin borough,2015,"31,518,993","65,637,220","30,491.11"
Berlin township,2019,"27,509,916","71,892,955","37,450.27"
Berlin township,2015,"31,559,481","65,721,535","30,530.28"
Bernards township,2017,"239,916,939","301,288,132","137,444.80"
Bernards township,2019,"200,800,968","283,562,713","124,035.85"
Bernardsville borough,2017,"67,349,740","78,136,157","34,946.44"
Bernardsville borough,2019,"49,203,778","69,483,514","32,798.04"
Bethlehem township,2017,"43,044,371","63,230,158","27,266.85"
Bethlehem township,2019,"36,521,258","51,573,791","18,849.17"
Beverly city,2019,"4,217,683","11,022,270","5,741.69"
Beverly city,2015,"5,197,721","10,824,075","5,028.21"
Blairstown township,2017,"36,207,902","51,485,821","21,559.36"
Blairstown township,2019,"33,703,437","47,594,582","19,785.09"
Bloomfield township,2019,"160,554,603","226,728,483","135,318.04"
Bloomfield township,2017,"194,330,344","226,572,061","109,722.84"
Bloomingdale borough,2019,"42,834,720","60,489,395","30,785.24"
Bloomingdale borough,2017,"40,474,734","51,714,695","21,858.46"
Bloomsbury borough,2017,"9,431,146","14,004,923","5,505.78"
Bloomsbury borough,2019,"8,217,899","11,604,974","3,431.17"
Bogota borough,2019,"27,714,229","34,076,155","16,940.61"
Bogota borough,2017,"19,457,218","25,664,400","12,228.87"
Boonton town,2019,"73,735,788","104,126,589","53,780.24"
Boonton town,2017,"29,331,373","36,583,501","15,421.52"
Boonton township,2017,"70,220,539","89,532,937","40,562.03"
Boonton township,2019,"21,372,980","30,182,027","15,447.68"
Bordentown city,2019,"13,543,152","35,392,955","18,436.79"
Bordentown city,2015,"16,124,590","33,578,905","15,598.74"
Bordentown township,2019,"52,897,442","138,239,370","72,011.25"
Bordentown township,2015,"54,053,843","112,565,270","52,291.06"
Bound Brook borough,2019,"64,789,651","91,493,230","50,103.74"
Bound Brook borough,2017,"62,167,368","74,157,477","33,918.48"
Bradley Beach borough,2019,"17,339,976","24,486,786","12,569.78"
Bradley Beach borough,2017,"16,400,878","19,800,068","8,593.38"
Branchburg township,2019,"153,740,018","217,105,210","107,678.95"
Branchburg township,2017,"151,686,746","185,963,095","81,916.91"
Branchville borough,2019,"6,565,955","9,272,168","3,698.50"
Branchville borough,2017,"4,988,443","7,425,665","2,856.89"
Brick township,2019,"346,814,094","489,756,322","250,938.31"
Brick township,2017,"323,530,032","402,526,549","174,896.85"
Bridgeton city,2015,"23,232,021","60,535,046","29,032.62"
Bridgeton city,2020,"20,836,477","55,733,676","28,120.94"
Bridgewater township,2019,"364,312,751","514,467,197","277,550.98"
Bridgewater township,2017,"426,762,628","504,769,254","224,370.54"
Brielle borough,2017,"28,684,742","34,595,379","15,804.11"
Brielle borough,2019,"22,323,290","31,524,015","14,184.73"
Brigantine city,2020,"8,602,735","21,297,192","11,094.07"
Brigantine city,2015,"8,638,931","20,991,056","9,751.18"
Brooklawn borough,2019,"5,960,177","15,576,010","8,113.81"
Brooklawn borough,2015,"7,437,184","15,487,680","7,194.65"
Buena borough,2015,"28,405,293","69,019,779","32,103.44"
Buena borough,2020,"24,894,142","61,628,697","32,062.44"
Buena Vista township,2015,"18,243,655","44,328,817","22,882.31"
Buena Vista township,2020,"17,743,756","43,926,982","20,592.50"
Burlington city,2019,"28,748,349","75,129,410","39,136.19"
Burlington city,2015,"33,687,821","70,153,730","32,589.21"
Burlington township,2019,"108,246,051","282,884,490","147,359.36"
Burlington township,2015,"113,232,843","235,803,505","109,540.14"
Butler borough,2017,"66,348,229","80,967,076","37,062.27"
Butler borough,2019,"53,792,340","75,963,289","34,734.37"
Byram township,2019,"46,942,587","66,290,354","22,538.35"
Byram township,2017,"43,546,733","59,973,343","19,710.02"
Caldwell borough,2019,"39,194,712","55,349,129","30,893.34"
Caldwell borough,2017,"45,453,899","54,004,679","23,906.97"
Califon borough,2017,"6,928,596","8,907,639","4,037.52"
Califon borough,2019,"5,409,891","7,639,621","3,605.37"
Camden city,2019,"172,032,401","449,580,355","234,194.08"
Camden city,2015,"184,908,283","385,065,145","178,878.12"
Cape May city,2020,"3,818,410","10,915,157","5,685.89"
Cape May city,2015,"3,185,208","7,739,485","3,595.30"
Cape May Point borough,2015,"420,535","1,021,825",474.68
Cape May Point borough,2020,"268,621","767,868",400.00
Carlstadt borough,2019,"125,544,432","155,498,843","101,404.59"
Carlstadt borough,2017,"81,004,193","114,268,121","67,556.98"
Carneys Point township,2020,"44,114,662","120,306,273","62,669.59"
Carneys Point township,2015,"44,260,590","120,006,770","55,747.93"
Carteret borough,2019,"139,402,546","196,858,433","121,457.80"
Carteret borough,2017,"116,324,278","144,960,712","78,564.67"
Cedar Grove township,2019,"58,538,310","82,665,348","49,031.01"
Cedar Grove township,2017,"65,373,378","79,862,359","37,045.16"
Chatham borough,2019,"52,792,505","74,551,361","40,480.05"
Chatham borough,2017,"58,085,039","71,361,199","32,487.73"
Chatham township,2017,"62,367,572","75,588,825","33,832.41"
Chatham township,2019,"40,705,884","57,483,144","33,127.02"
Cherry Hill township,2019,"271,877,444","710,510,095","370,116.83"
Cherry Hill township,2015,"322,652,178","671,912,075","312,129.97"
Chesilhurst borough,2015,"4,748,496","9,888,580","4,653.17"
Chesilhurst borough,2019,"3,418,086","8,932,645","4,593.64"
Chester borough,2019,"37,601,558","53,099,344","29,173.90"
Chester borough,2017,"32,565,096","39,813,797","17,921.20"
Chester township,2017,"56,079,124","68,751,124","29,396.78"
Chester township,2019,"39,704,416","56,068,913","28,688.56"
Chesterfield township,2019,"17,545,049","45,851,300","23,884.72"
Chesterfield township,2015,"21,078,682","43,895,630","20,391.27"
Cinnaminson township,2019,"52,780,401","137,933,500","71,851.91"
Cinnaminson township,2015,"56,579,702","117,825,285","54,734.55"
City of Orange township,2019,"85,918,615","121,330,662","69,855.80"
City of Orange township,2017,"94,591,851","111,548,777","57,104.55"
Clark township,2019,"79,395,568","112,119,094","66,606.68"
Clark township,2017,"88,409,479","102,285,056","48,160.28"
Clayton borough,2015,"35,022,174","72,932,475","37,361.66"
Clayton borough,2019,"27,444,831","71,722,865","33,880.04"
Clementon borough,2019,"11,364,476","29,699,320","15,470.88"
Clementon borough,2015,"12,962,841","26,994,670","12,540.10"
Cliffside Park borough,2019,"69,408,532","90,108,499","50,255.24"
Cliffside Park borough,2017,"53,521,294","72,344,244","35,444.36"
Clifton city,2019,"406,526,906","574,080,254","347,033.79"
Clifton city,2017,"384,143,534","456,342,483","220,883.33"
Clinton town,2017,"44,600,712","62,657,044","26,463.30"
Clinton town,2019,"40,865,686","57,708,808","22,978.37"
Clinton township,2017,"106,923,318","143,129,863","57,728.86"
Clinton township,2019,"81,933,309","115,702,785","48,800.85"
Closter borough,2019,"48,679,354","68,742,946","32,435.30"
Closter borough,2017,"46,939,358","64,391,400","29,759.71"
Collingswood borough,2019,"30,440,282","79,551,020","41,439.48"
Collingswood borough,2015,"31,880,406","66,389,850","30,840.73"
Colts Neck township,2017,"95,212,936","116,350,170","56,732.79"
Colts Neck township,2019,"75,515,963","106,640,477","48,303.35"
Commercial township,2020,"8,515,553","22,777,511","11,865.19"
Commercial township,2015,"8,023,661","20,907,036","9,712.15"
Corbin City city,2020,"5,915,149","14,643,722","7,628.16"
Corbin City city,2015,"302,512","735,050",341.46
Cranbury township,2019,"70,978,531","100,232,908","57,023.17"
Cranbury township,2017,"77,150,060","98,795,925","46,111.79"
Cranford township,2019,"149,290,785","210,822,189","123,847.84"
Cranford township,2017,"172,520,426","206,022,876","97,065.71"
Cresskill borough,2019,"42,925,913","60,618,174","29,083.53"
Cresskill borough,2017,"44,086,656","57,027,784","26,919.80"
Deal borough,2019,"5,595,371","7,901,547","4,287.79"
Deal borough,2017,"6,143,504","7,460,724","3,247.90"
Deerfield township,2015,"9,534,986","24,845,054","11,541.52"
Deerfield township,2020,"8,028,959","21,475,962","11,187.20"
Delanco township,2019,"10,362,640","27,081,175","14,107.05"
Delanco township,2015,"12,189,010","25,383,195","11,791.51"
Delaware township,2017,"28,159,143","35,030,669","14,803.20"
Delaware township,2019,"19,444,530","27,458,750","8,555.68"
Delran township,2019,"45,113,625","117,897,555","61,414.85"
Delran township,2015,"52,292,174","108,896,655","50,586.84"
Demarest borough,2017,"22,239,876","31,178,540","13,384.24"
Demarest borough,2019,"20,777,492","29,341,104","12,316.21"
Dennis township,2020,"41,030,891","117,289,309","61,098.00"
Dennis township,2015,"41,766,000","101,483,906","47,143.32"
Denville township,2019,"155,177,364","219,134,967","113,624.40"
Denville township,2017,"163,865,512","200,567,750","87,528.51"
Deptford township,2019,"120,861,810","315,853,845","164,533.66"
Deptford township,2015,"134,189,359","279,444,730","129,813.23"
Dover town,2019,"116,381,357","164,348,875","82,402.74"
Dover town,2017,"107,116,578","130,192,816","59,805.53"
Downe township,2015,"2,364,079","6,160,016","3,130.79"
Downe township,2020,"2,246,943","6,010,151","2,861.57"
Dumont borough,2019,"61,439,864","86,762,800","49,126.86"
Dumont borough,2017,"57,991,836","78,699,521","37,769.95"
Dunellen borough,2019,"24,984,729","35,282,388","20,352.95"
Dunellen borough,2017,"27,187,502","32,463,554","14,999.25"
Eagleswood township,2019,"18,390,112","25,969,745","8,256.15"
Eagleswood township,2017,"15,361,037","19,103,702","7,661.70"
East Amwell township,2017,"28,312,095","38,175,422","16,050.35"
East Amwell township,2019,"20,744,220","29,294,117","10,391.22"
East Brunswick township,2019,"287,979,372","406,672,400","232,377.18"
East Brunswick township,2017,"331,279,616","394,972,558","191,003.13"
East Greenwich township,2019,"32,989,636","86,213,365","44,910.01"
East Greenwich township,2015,"31,590,329","65,785,775","30,560.12"
East Hanover township,2019,"155,432,579","219,495,373","126,658.90"
East Hanover township,2017,"178,091,768","217,907,695","106,848.92"
East Newark borough,2017,"9,515,055","11,461,319","6,582.10"
East Newark borough,2019,"5,526,315","7,804,031","3,719.26"
East Orange city,2019,"176,479,220","249,216,556","141,003.28"
East Orange city,2017,"194,101,517","225,748,897","109,359.48"
East Rutherford borough,2019,"138,506,703","195,593,361","110,860.77"
East Rutherford borough,2017,"108,921,401","143,669,893","76,658.31"
East Windsor township,2015,"120,475,825","250,886,765","124,233.27"
East Windsor township,2019,"91,258,276","238,489,540","116,546.91"
Eastampton township,2019,"13,678,909","35,747,735","18,621.61"
Eastampton township,2015,"16,727,003","34,833,410","16,181.51"
Eatontown borough,2019,"166,257,388","234,781,714","130,566.32"
Eatontown borough,2017,"137,366,244","164,155,104","74,987.25"
Edgewater borough,2019,"62,709,363","88,555,531","49,707.25"
Edgewater borough,2017,"58,635,102","78,804,320","37,502.63"
Edgewater Park township,2019,"20,892,044","54,598,160","28,441.11"
Edgewater Park township,2015,"24,191,004","50,376,935","23,402.10"
Edison township,2019,"793,062,657","1,119,929,841","623,144.31"
Edison township,2017,"895,706,503","1,109,091,568","548,750.78"
Egg Harbor City city,2015,"17,568,759","42,688,939","19,830.72"
Egg Harbor City city,2020,"15,328,548","37,947,820","19,767.67"
Egg Harbor township,2020,"180,623,676","447,157,475","232,931.96"
Egg Harbor township,2015,"182,103,368","442,478,596","205,548.96"
Elizabeth city,2019,"921,730,905","1,301,629,756","587,311.78"
Elizabeth city,2017,"652,550,241","859,933,251","548,855.40"
Elk township,2019,"14,485,489","37,855,610","19,719.63"
Elk township,2015,"16,935,578","35,267,760","16,383.28"
Elmer borough,2020,"4,214,199","11,492,654","5,986.72"
Elmer borough,2015,"2,983,450","8,089,232","3,757.77"
Elmwood Park borough,2019,"130,371,301","184,104,886","100,903.40"
Elmwood Park borough,2017,"105,450,760","132,668,320","61,690.01"
Elsinboro township,2020,"1,342,122","3,660,136","1,906.63"
Elsinboro township,2015,"1,298,658","3,521,140","1,635.71"
Emerson borough,2019,"38,648,327","54,577,546","34,427.46"
Emerson borough,2017,"34,266,914","46,845,353","21,949.82"
Englewood city,2019,"148,443,942","209,626,312","121,605.69"
Englewood city,2017,"155,707,160","201,597,573","96,900.35"
Englewood Cliffs borough,2017,"71,601,550","89,755,166","40,938.89"
Englewood Cliffs borough,2019,"49,844,008","70,387,621","30,928.08"
Englishtown borough,2017,"15,695,020","18,406,392","9,007.26"
Englishtown borough,2019,"12,598,792","17,791,486","7,812.55"
Essex Fells borough,2017,"9,327,023","11,064,540","4,725.69"
Essex Fells borough,2019,"6,400,572","9,038,618","4,712.95"
Estell Manor city,2020,"11,845,393","29,324,816","15,275.80"
Estell Manor city,2015,"11,206,283","27,229,263","12,649.08"
Evesham township,2019,"133,994,060","350,172,970","182,411.07"
Evesham township,2015,"161,666,382","336,664,685","156,394.18"
Ewing township,2019,"122,439,775","319,977,615","166,681.80"
Ewing township,2015,"135,939,110","283,088,525","131,505.92"
Fair Haven borough,2017,"23,867,969","28,340,101","15,514.13"
Fair Haven borough,2019,"17,528,613","24,753,173","12,506.62"
Fair Lawn borough,2019,"183,190,086","258,693,360","148,757.28"
Fair Lawn borough,2017,"167,107,433","212,577,299","96,901.82"
Fairfield township,2019,"189,239,853","267,236,588","161,553.26"
Fairfield township,2017,"210,491,629","250,500,526","117,905.13"
Fairfield township,2020,"13,275,341","35,509,051","18,497.27"
Fairfield township,2015,"12,314,040","32,086,361","14,905.39"
Fairview borough,2019,"41,802,359","59,031,542","35,818.57"
Fairview borough,2017,"33,800,082","44,608,605","23,631.34"
Fanwood borough,2019,"25,862,945","36,522,568","21,595.37"
Fanwood borough,2017,"24,436,597","29,588,099","14,183.52"
Far Hills borough,2017,"8,772,759","11,811,792","5,222.31"
Far Hills borough,2019,"7,736,266","10,924,833","4,899.96"
Farmingdale borough,2019,"22,480,858","31,746,525","16,085.59"
Farmingdale borough,2017,"23,380,958","27,778,067","13,759.41"
Fieldsboro borough,2019,"1,754,924","4,586,225","2,389.04"
Fieldsboro borough,2015,"1,835,985","3,823,375","1,776.11"
Flemington borough,2019,"107,697,494","152,085,885","60,825.77"
Flemington borough,2017,"109,142,435","135,925,157","54,630.64"
Florence township,2019,"51,650,769","134,981,380","70,314.10"
Florence township,2015,"41,989,276","87,441,225","40,619.94"
Florham Park borough,2019,"164,430,764","232,202,234","114,646.95"
Florham Park borough,2017,"162,202,049","195,586,447","84,875.68"
Folsom borough,2015,"39,901,668","96,953,913","45,038.96"
Folsom borough,2020,"30,007,692","74,287,956","38,697.86"
Fort Lee borough,2019,"167,342,750","236,314,418","105,329.63"
Fort Lee borough,2017,"166,899,432","224,632,170","105,221.86"
Frankford township,2019,"41,550,677","58,676,125","24,970.53"
Frankford township,2017,"38,505,352","53,654,722","22,812.51"
Franklin borough,2019,"44,224,732","62,452,314","23,301.02"
Franklin borough,2017,"31,553,548","42,094,139","16,758.32"
Franklin Lakes borough,2019,"108,320,824","152,966,127","71,972.79"
Franklin Lakes borough,2017,"111,077,431","147,757,571","63,561.08"
Franklin township,2019,"399,594,245","564,290,245","322,085.97"
Franklin township,2017,"447,454,774","532,364,963","254,553.31"
Franklin township,2015,"72,117,829","150,182,900","73,039.50"
Franklin township,2019,"53,652,765","140,213,290","69,765.95"
Franklin township,2017,"32,333,194","42,036,229","20,445.89"
Franklin township,2019,"27,060,841","38,214,185","18,142.49"
Franklin township,2017,"23,818,140","31,921,732","12,153.21"
Franklin township,2019,"14,288,565","20,177,713","9,974.25"
Fredon township,2019,"21,965,270","31,018,433","11,303.33"
Fredon township,2017,"19,804,660","27,220,571","10,460.96"
Freehold borough,2019,"65,819,479","92,947,511","42,253.37"
Freehold borough,2017,"56,127,597","67,207,667","29,591.75"
Freehold township,2019,"333,993,999","471,652,329","217,593.64"
Freehold township,2017,"353,458,196","427,190,968","192,967.67"
Frelinghuysen township,2017,"14,628,622","21,596,693","8,114.45"
Frelinghuysen township,2019,"7,836,138","11,065,866","5,398.41"
Frenchtown borough,2017,"16,935,849","21,430,178","8,888.23"
Frenchtown borough,2019,"10,095,666","14,256,676","5,608.44"
Galloway township,2015,"144,729,550","351,666,906","163,363.31"
Galloway township,2020,"121,908,963","301,801,543","157,213.57"
Garfield city,2019,"125,208,124","176,813,666","100,936.24"
Garfield city,2017,"96,551,087","125,119,984","60,743.76"
Garwood borough,2019,"24,054,634","33,968,946","21,118.35"
Garwood borough,2017,"25,599,690","31,563,975","16,259.03"
Gibbsboro borough,2019,"10,624,797","27,766,280","14,463.93"
Gibbsboro borough,2015,"9,665,605","20,128,290","9,350.39"
Glassboro borough,2019,"69,997,649","182,928,145","95,290.39"
Glassboro borough,2015,"80,000,031","166,597,315","77,391.10"
Glen Gardner borough,2017,"11,522,438","14,033,738","5,702.25"
Glen Gardner borough,2019,"8,081,276","11,412,039","5,468.91"
Glen Ridge borough,2017,"22,779,459","27,026,047","12,690.58"
Glen Ridge borough,2019,"14,881,448","21,014,955","12,476.81"
Glen Rock borough,2017,"51,611,894","67,414,200","39,878.45"
Glen Rock borough,2019,"45,149,520","63,758,258","31,391.25"
Gloucester City city,2019,"31,582,484","82,535,990","42,994.41"
Gloucester City city,2015,"33,492,041","69,746,025","32,399.81"
Gloucester township,2019,"182,643,510","477,310,865","248,639.37"
Gloucester township,2015,"214,758,326","447,226,835","207,754.71"
Green Brook township,2019,"49,961,002","70,552,833","39,107.51"
Green Brook township,2017,"19,569,440","25,995,469","10,108.41"
Green township,2017,"52,007,386","60,415,057","27,230.89"
Green township,2019,"16,613,539","23,460,946","7,482.25"
Greenwich township,2017,"43,946,895","63,781,129","28,470.77"
Greenwich township,2019,"20,913,832","54,655,100","24,854.60"
Greenwich township,2015,"22,761,127","47,399,265","22,018.85"
Greenwich township,2019,"30,098,321","42,503,588","15,889.70"
Greenwich township,2020,"1,165,002","3,116,163","1,623.26"
Greenwich township,2015,"1,104,043","2,876,775","1,336.38"
Guttenberg town,2017,"28,020,512","35,118,296","16,600.91"
Guttenberg town,2019,"16,743,050","23,643,835","13,672.45"
Hackensack city,2019,"374,985,535","529,538,853","304,121.52"
Hackensack city,2017,"335,358,418","429,446,691","204,768.98"
Hackettstown town,2017,"90,963,135","122,993,372","54,007.34"
Hackettstown town,2019,"77,394,168","109,292,800","49,284.39"
Haddon Heights borough,2019,"22,246,401","58,137,565","30,284.85"
Haddon Heights borough,2015,"23,152,862","48,215,040","22,397.81"
Haddon township,2019,"34,566,902","90,335,310","47,057.20"
Haddon township,2015,"36,373,179","75,745,895","35,186.99"
Haddonfield borough,2019,"35,347,924","92,376,390","48,120.44"
Haddonfield borough,2015,"35,927,635","74,818,065","34,755.98"
Hainesport township,2019,"21,789,828","56,944,380","29,663.30"
Hainesport township,2015,"24,762,044","51,566,105","23,954.51"
Haledon borough,2019,"24,282,265","34,290,397","20,002.40"
Haledon borough,2017,"24,390,050","30,006,666","14,509.77"
Hamburg borough,2019,"21,619,593","30,530,282","13,869.24"
Hamburg borough,2017,"19,410,731","27,374,742","11,603.72"
Hamilton township,2019,"309,838,549","809,715,635","421,794.69"
Hamilton township,2015,"344,705,203","717,836,740","333,463.81"
Hamilton township,2020,"216,942,466","537,069,377","279,768.60"
Hamilton township,2015,"186,831,243","453,966,485","210,885.55"
Hammonton town,2020,"108,959,287","269,742,930","140,513.69"
Hammonton town,2015,"105,905,357","257,331,064","119,540.55"
Hampton borough,2017,"10,685,367","13,121,444","5,469.40"
Hampton borough,2019,"7,949,323","11,225,701","5,277.32"
Hampton township,2019,"28,514,196","40,266,552","18,412.19"
Hampton township,2017,"28,557,946","38,449,190","16,952.34"
Hanover township,2019,"172,529,322","243,638,680","135,489.79"
Hanover township,2017,"172,696,329","213,688,686","97,183.72"
Harding township,2017,"24,848,623","33,120,027","14,358.10"
Harding township,2019,"17,488,160","24,696,045","13,657.95"
Hardwick township,2017,"30,424,568","42,205,262","16,705.05"
Hardwick township,2019,"5,975,972","8,439,017","4,220.51"
Hardyston township,2019,"43,454,876","61,365,154","28,462.90"
Hardyston township,2017,"44,013,017","60,798,005","23,478.87"
Harmony township,2017,"17,066,427","22,742,803","9,302.45"
Harmony township,2019,"12,136,706","17,138,948","9,120.52"
Harrington Park borough,2019,"24,806,587","35,030,820","17,569.87"
Harrington Park borough,2017,"24,510,467","33,706,484","14,791.30"
Harrison town,2017,"78,533,370","97,301,177","48,263.46"
Harrison town,2019,"49,571,015","70,002,112","36,287.35"
Harrison township,2019,"47,344,955","123,728,795","64,452.44"
Harrison township,2015,"45,453,197","94,654,720","43,970.89"
Harvey Cedars borough,2017,"3,674,124","4,841,320","1,877.36"
Harvey Cedars borough,2019,"2,678,778","3,782,858","1,555.36"
Hasbrouck Heights borough,2019,"55,101,690","77,812,298","44,657.68"
Hasbrouck Heights borough,2017,"46,628,192","61,630,879","28,537.63"
Haworth borough,2019,"15,714,260","22,191,020","13,646.69"
Haworth borough,2017,"15,863,989","21,602,636","9,999.86"
Hawthorne borough,2019,"93,790,604","132,447,158","74,922.40"
Hawthorne borough,2017,"88,643,650","110,545,753","55,142.77"
Hazlet township,2019,"107,909,862","152,385,786","82,435.69"
Hazlet township,2017,"103,460,827","123,280,601","54,455.56"
Helmetta borough,2019,"9,950,713","14,051,981","7,459.80"
Helmetta borough,2017,"10,805,514","12,882,377","5,673.95"
High Bridge borough,2017,"29,165,206","36,466,223","15,092.51"
High Bridge borough,2019,"20,056,529","28,322,990","13,770.38"
Highland Park borough,2019,"56,124,820","79,257,117","41,875.25"
Highland Park borough,2017,"56,027,790","65,755,052","30,771.74"
Highlands borough,2019,"23,015,682","32,501,782","18,049.42"
Highlands borough,2017,"20,043,105","24,212,622","10,448.92"
Hightstown borough,2019,"16,518,911","43,169,645","22,487.80"
Hightstown borough,2015,"20,702,020","43,111,245","20,026.89"
Hillsborough township,2019,"215,776,696","304,710,806","154,944.38"
Hillsborough township,2017,"239,458,814","300,839,561","132,725.51"
Hillsdale borough,2019,"46,000,818","64,960,427","36,910.70"
Hillsdale borough,2017,"46,253,936","59,386,389","27,241.87"
Hillside township,2019,"104,399,978","147,429,275","87,517.91"
Hillside township,2017,"92,115,072","109,557,973","57,663.38"
Hi-Nella borough,2019,"2,482,173","6,486,780","3,379.07"
Hi-Nella borough,2015,"2,003,546","4,172,315","1,938.21"
Hoboken city,2017,"232,781,836","288,187,012","136,264.93"
Hoboken city,2019,"118,345,218","167,122,156","101,897.18"
Ho-Ho-Kus borough,2017,"22,010,534","28,352,205","13,880.02"
Ho-Ho-Kus borough,2019,"18,615,475","26,287,994","12,484.98"
Holland township,2017,"37,582,354","47,496,111","19,453.05"
Holland township,2019,"25,730,413","36,335,412","15,299.41"
Holmdel township,2019,"131,862,525","186,210,731","99,064.41"
Holmdel township,2017,"144,606,837","167,855,917","72,537.83"
Hopatcong borough,2017,"90,608,752","116,748,604","46,306.80"
Hopatcong borough,2019,"81,446,080","115,014,742","36,290.33"
Hope township,2017,"16,764,074","24,293,538","9,474.13"
Hope township,2019,"10,473,184","14,789,792","7,064.59"
Hopewell borough,2019,"8,081,728","21,120,360","11,001.96"
Hopewell borough,2015,"8,743,494","18,208,025","8,458.35"
Hopewell township,2019,"84,634,259","221,178,685","115,215.75"
Hopewell township,2015,"94,634,275","197,072,625","91,548.10"
Hopewell township,2020,"7,814,813","20,903,161","10,888.81"
Hopewell township,2015,"7,749,904","20,193,716","9,380.79"
Howell township,2019,"305,686,395","431,677,512","208,146.47"
Howell township,2017,"351,644,455","422,482,227","183,610.25"
Independence township,2017,"29,791,346","40,375,113","15,805.14"
Independence township,2019,"19,713,257","27,838,235","13,531.11"
Interlaken borough,2017,"3,480,110","4,104,486","1,640.36"
Interlaken borough,2019,"2,111,371","2,981,589","1,630.03"
Irvington township,2019,"138,742,374","195,926,169","111,193.70"
Irvington township,2017,"141,491,492","166,022,397","79,736.47"
Island Heights borough,2019,"6,584,402","9,298,216","4,655.13"
Island Heights borough,2017,"7,590,380","9,011,922","3,683.61"
Jackson township,2019,"325,934,404","460,270,907","184,512.49"
Jackson township,2017,"339,323,454","426,046,215","170,405.18"
Jamesburg borough,2019,"38,914,470","54,953,385","24,640.75"
Jamesburg borough,2017,"42,242,751","50,407,095","22,192.15"
Jefferson township,2017,"153,623,640","190,477,923","88,682.18"
Jefferson township,2019,"119,799,588","169,175,955","78,030.92"
Jersey City city,2017,"1,522,663,383","1,878,236,085","861,958.05"
Jersey City city,2019,"705,043,095","995,632,309","573,524.97"
Keansburg borough,2017,"41,551,112","48,148,483","20,995.33"
Keansburg borough,2019,"26,132,069","36,902,614","19,664.93"
Kearny town,2017,"255,134,006","321,933,497","190,274.97"
Kearny town,2019,"163,038,933","230,236,743","139,314.31"
Kenilworth borough,2019,"113,674,547","160,526,432","94,249.86"
Kenilworth borough,2017,"137,965,390","158,416,403","78,917.66"
Keyport borough,2019,"47,524,566","67,112,201","34,019.33"
Keyport borough,2017,"37,886,902","46,131,366","20,669.64"
Kingwood township,2017,"32,085,724","39,751,291","16,680.24"
Kingwood township,2019,"21,356,520","30,158,782","10,966.21"
Kinnelon borough,2017,"71,261,144","89,960,824","37,996.87"
Kinnelon borough,2019,"48,610,288","68,645,414","34,978.27"
Knowlton township,2017,"27,919,225","40,862,981","16,005.66"
Knowlton township,2019,"16,932,207","23,910,953","8,133.97"
Lacey township,2017,"158,920,409","198,756,755","90,314.91"
Lacey township,2019,"133,263,246","188,188,773","84,381.69"
Lafayette township,2019,"24,270,690","34,274,050","14,428.80"
Lafayette township,2017,"20,544,485","28,685,355","11,962.94"
Lake Como borough,2019,"6,736,171","9,512,538","5,015.93"
Lake Como borough,2017,"7,547,752","8,784,640","3,722.01"
Lakehurst borough,2019,"18,516,707","26,148,517","10,929.84"
Lakehurst borough,2017,"19,540,232","24,408,789","10,218.64"
Lakewood township,2019,"423,830,733","598,515,992","278,905.91"
Lakewood township,2017,"335,884,417","415,483,398","195,244.54"
Lambertville city,2017,"64,325,991","79,335,022","33,330.60"
Lambertville city,2019,"30,690,901","43,340,405","8,972.99"
Laurel Springs borough,2019,"3,973,405","10,383,885","5,409.14"
Laurel Springs borough,2015,"4,331,522","9,020,245","4,190.26"
Lavallette borough,2017,"10,074,874","12,415,382","5,730.05"
Lavallette borough,2019,"7,451,741","10,523,036","5,194.11"
Lawnside borough,2019,"13,131,551","34,317,300","17,876.47"
Lawnside borough,2015,"13,524,240","28,163,765","13,083.19"
Lawrence township,2019,"157,452,636","411,478,370","214,346.10"
Lawrence township,2015,"173,705,008","361,734,710","168,040.21"
Lawrence township,2020,"8,957,811","23,960,467","12,481.42"
Lawrence township,2015,"7,955,513","20,729,463","9,629.66"
Lebanon borough,2019,"26,544,038","37,484,377","18,964.93"
Lebanon borough,2017,"26,457,001","34,830,156","14,107.42"
Lebanon township,2017,"37,045,881","46,311,938","19,200.92"
Lebanon township,2019,"26,641,096","37,621,440","18,999.77"
Leonia borough,2019,"34,963,222","49,373,594","23,440.91"
Leonia borough,2017,"28,853,146","40,981,901","19,554.86"
Liberty township,2017,"16,711,923","22,785,742","9,679.48"
Liberty township,2019,"10,406,393","14,695,473","7,712.31"
Lincoln Park borough,2017,"85,148,767","103,659,438","53,594.15"
Lincoln Park borough,2019,"69,760,600","98,512,995","48,656.09"
Linden city,2019,"223,735,130","315,949,375","198,088.48"
Linden city,2017,"209,512,955","280,426,903","162,024.29"
Lindenwold borough,2019,"33,998,455","88,849,760","46,283.36"
Lindenwold borough,2015,"39,315,662","81,873,515","38,033.51"
Linwood city,2015,"29,959,480","72,796,176","33,816.73"
Linwood city,2020,"18,489,811","45,773,940","23,844.43"
Little Egg Harbor township,2019,"110,843,862","156,529,054","46,921.94"
Little Egg Harbor township,2017,"85,013,636","110,703,312","44,303.63"
Little Falls township,2019,"75,376,473","106,443,493","61,014.39"
Little Falls township,2017,"76,500,878","89,963,740","44,170.80"
Little Ferry borough,2019,"53,787,585","75,956,572","41,249.37"
Little Ferry borough,2017,"43,282,580","56,588,709","27,585.44"
Little Silver borough,2019,"28,355,725","40,042,766","24,119.64"
Little Silver borough,2017,"32,461,223","38,137,818","16,836.99"
Livingston township,2017,"254,636,436","303,192,682","154,498.89"
Livingston township,2019,"208,092,810","293,859,944","132,598.84"
Loch Arbour village,2017,"1,093,605","1,337,686",544.83
Loch Arbour village,2019,"606,651","856,687",455.50
Lodi borough,2019,"106,775,040","150,783,235","83,288.36"
Lodi borough,2017,"81,452,070","104,017,930","51,336.44"
Logan township,2019,"61,042,998","159,526,535","83,100.09"
Logan township,2015,"55,504,402","115,586,010","53,694.31"
Long Beach township,2019,"21,474,896","30,325,950","10,389.32"
Long Beach township,2017,"19,813,647","26,397,356","9,964.90"
Long Branch city,2019,"143,597,738","202,782,705","113,694.05"
Long Branch city,2017,"146,459,703","172,403,956","75,653.13"
Long Hill township,2017,"68,469,629","85,066,443","44,685.08"
Long Hill township,2019,"56,318,043","79,529,978","39,093.20"
Longport borough,2020,"3,345,275","8,281,666","4,314.06"
Longport borough,2015,"3,384,863","8,224,610","3,820.66"
Lopatcong township,2017,"60,380,852","80,880,426","32,712.47"
Lopatcong township,2019,"40,255,166","56,846,659","24,865.11"
Lower Alloways Creek township,2015,"17,246,959","46,762,863","21,723.22"
Lower Alloways Creek township,2020,"9,372,105","25,558,917","13,314.08"
Lower township,2020,"36,598,359","104,618,643","54,497.64"
Lower township,2015,"39,925,652","97,012,190","45,066.03"
Lumberton township,2019,"42,764,695","111,758,985","58,217.16"
Lumberton township,2015,"46,544,797","96,927,940","45,026.90"
Lyndhurst township,2019,"127,935,136","180,664,635","112,283.46"
Lyndhurst township,2017,"98,771,962","143,112,264","69,454.93"
Madison borough,2019,"111,147,098","156,957,273","81,661.46"
Madison borough,2017,"125,061,176","150,368,307","67,183.97"
Magnolia borough,2019,"9,967,800","26,049,320","13,569.54"
Magnolia borough,2015,"10,856,059","22,607,370","10,502.03"
Mahwah township,2019,"241,440,021","340,951,480","168,189.21"
Mahwah township,2017,"250,533,280","337,686,630","149,204.12"
Manalapan township,2017,"250,481,961","301,000,470","134,824.01"
Manalapan township,2019,"187,182,665","264,331,516","128,806.34"
Manasquan borough,2017,"36,104,454","42,674,649","19,390.72"
Manasquan borough,2019,"25,916,476","36,598,162","17,831.17"
Manchester township,2019,"204,516,248","288,809,275","119,373.30"
Manchester township,2017,"186,017,468","233,461,910","102,592.44"
Mannington township,2020,"12,051,259","32,865,311","17,120.10"
Mannington township,2015,"8,304,730","22,517,183","10,460.13"
Mansfield township,2019,"31,026,188","81,082,195","42,237.10"
Mansfield township,2015,"31,877,602","66,384,010","30,838.02"
Mansfield township,2017,"41,450,214","56,981,992","22,965.24"
Mansfield township,2019,"30,994,093","43,768,560","22,711.71"
Mantoloking borough,2017,"1,719,695","2,013,562",778.40
Mantoloking borough,2019,"992,013","1,400,881",747.19
Mantua township,2019,"52,332,626","136,763,310","71,242.34"
Mantua township,2015,"58,572,381","121,974,970","56,662.24"
Manville borough,2019,"45,989,677","64,944,693","38,589.93"
Manville borough,2017,"41,056,076","49,593,843","22,892.33"
Maple Shade township,2019,"47,576,245","124,333,235","64,767.30"
Maple Shade township,2015,"53,315,242","111,027,160","51,576.55"
Maplewood township,2017,"95,779,786","115,190,016","62,448.80"
Maplewood township,2019,"76,965,062","108,686,833","53,028.49"
Margate City city,2020,"8,947,427","22,150,524","11,538.59"
Margate City city,2015,"7,695,532","18,698,765","8,686.32"
Marlboro township,2017,"244,314,361","299,619,635","164,084.88"
Marlboro township,2019,"204,228,492","288,402,915","125,357.75"
Matawan borough,2019,"60,328,906","85,193,948","44,452.77"
Matawan borough,2017,"66,078,230","77,000,069","33,393.39"
Maurice River township,2020,"30,009,518","80,269,844","41,813.93"
Maurice River township,2015,"26,224,216","68,331,728","31,742.81"
Maywood borough,2019,"43,548,805","61,497,797","34,571.02"
Maywood borough,2017,"36,771,846","48,721,239","23,166.03"
Medford Lakes borough,2015,"11,155,776","23,231,520","11,337.92"
Medford Lakes borough,2019,"8,328,521","21,765,315","10,791.97"
Medford township,2019,"72,056,490","188,308,610","98,093.17"
Medford township,2015,"85,767,038","178,606,910","82,970.04"
Mendham borough,2019,"33,520,130","47,335,721","24,941.62"
Mendham borough,2017,"28,704,685","35,129,623","14,922.67"
Mendham township,2017,"43,128,993","52,426,316","22,350.94"
Mendham township,2019,"25,087,371","35,427,333","17,749.89"
Merchantville borough,2019,"8,286,202","21,654,720","11,280.31"
Merchantville borough,2015,"9,062,841","18,873,055","8,767.29"
Metuchen borough,2019,"74,929,608","105,812,455","57,765.64"
Metuchen borough,2017,"85,850,390","100,604,370","49,054.39"
Middle township,2020,"99,336,807","283,960,330","147,919.78"
Middle township,2015,"114,040,600","277,098,249","128,723.19"
Middlesex borough,2019,"92,458,854","130,566,518","84,608.69"
Middlesex borough,2017,"86,099,052","104,212,131","51,124.55"
Middletown township,2019,"322,552,595","455,495,249","257,881.32"
Middletown township,2017,"341,051,082","404,542,172","174,719.86"
Midland Park borough,2019,"47,463,355","67,025,762","40,632.88"
Midland Park borough,2017,"46,662,334","61,962,124","29,432.24"
Milford borough,2017,"13,339,294","17,020,189","7,783.43"
Milford borough,2019,"7,588,467","10,716,115","4,664.05"
Millburn township,2017,"208,916,588","245,285,159","124,499.08"
Millburn township,2019,"154,055,899","217,551,283","110,316.09"
Millstone borough,2019,"1,435,551","2,027,223","1,127.54"
Millstone borough,2017,"1,591,867","1,941,775",836.44
Millstone township,2017,"72,173,829","87,757,769","35,666.38"
Millstone township,2019,"56,591,135","79,915,630","27,583.79"
Milltown borough,2019,"49,094,909","69,329,774","40,338.45"
Milltown borough,2017,"30,613,132","41,016,273","19,567.44"
Millville city,2015,"62,203,196","162,081,179","82,394.85"
Millville city,2020,"59,134,111","158,172,677","75,293.17"
Mine Hill township,2019,"17,495,104","24,705,852","12,526.31"
Mine Hill township,2017,"19,424,473","23,521,636","9,742.28"
Monmouth Beach borough,2017,"16,471,526","19,525,811","10,898.36"
Monmouth Beach borough,2019,"13,393,687","18,914,002","8,687.44"
Monroe township,2015,"133,456,543","277,918,665","143,099.77"
Monroe township,2019,"105,117,077","274,707,395","130,570.43"
Monroe township,2017,"217,445,381","267,145,700","129,104.31"
Monroe township,2019,"181,754,854","256,666,590","121,664.12"
Montague township,2019,"22,642,691","31,975,061","9,413.96"
Montague township,2017,"16,388,403","23,246,647","6,462.26"
Montclair township,2017,"269,117,295","319,026,830","170,480.01"
Montclair township,2019,"200,996,687","283,839,096","149,539.13"
Montgomery township,2017,"167,089,516","219,173,733","95,656.07"
Montgomery township,2019,"125,759,698","177,592,577","73,427.85"
Montvale borough,2019,"64,980,272","91,762,416","39,934.32"
Montvale borough,2017,"65,517,322","84,338,967","35,846.65"
Montville township,2019,"169,273,034","239,040,282","129,681.21"
Montville township,2017,"187,484,357","233,875,468","104,876.73"
Moonachie borough,2019,"52,632,445","74,325,332","52,509.32"
Moonachie borough,2017,"41,663,697","58,286,150","31,628.86"
Moorestown township,2015,"127,504,447","265,523,630","132,758.91"
Moorestown township,2019,"97,520,973","254,856,140","123,346.32"
Morris Plains borough,2019,"69,204,477","97,727,664","49,978.07"
Morris Plains borough,2017,"71,185,071","85,472,481","37,773.30"
Morris township,2017,"155,332,405","193,815,258","90,429.89"
Morris township,2019,"125,300,219","176,943,716","84,595.84"
Morristown town,2019,"313,938,694","443,331,064","218,184.07"
Morristown town,2017,"279,911,823","347,205,418","149,970.62"
Mount Arlington borough,2017,"44,139,628","56,306,683","27,955.04"
Mount Arlington borough,2019,"39,487,484","55,762,570","23,504.91"
Mount Ephraim borough,2019,"11,857,922","30,988,865","16,142.63"
Mount Ephraim borough,2015,"12,463,137","25,954,055","12,056.69"
Mount Holly township,2019,"37,382,323","97,692,980","50,889.94"
Mount Holly township,2015,"42,290,921","88,069,390","40,911.75"
Mount Laurel township,2019,"183,376,346","479,226,020","249,637.01"
Mount Laurel township,2015,"198,133,682","412,606,585","191,672.22"
Mount Olive township,2019,"203,007,690","286,678,948","143,907.67"
Mount Olive township,2017,"206,535,909","253,312,056","106,855.41"
Mountain Lakes borough,2017,"45,751,164","54,976,202","27,130.84"
Mountain Lakes borough,2019,"38,346,974","54,151,990","23,213.71"
Mountainside borough,2019,"61,527,102","86,885,995","57,669.60"
Mountainside borough,2017,"60,235,677","71,428,454","36,018.18"
Mullica township,2015,"57,076,238","138,685,044","66,983.05"
Mullica township,2020,"51,941,024","128,586,782","64,424.74"
National Park borough,2019,"7,489,258","19,572,030","10,195.40"
National Park borough,2015,"8,272,360","17,226,905","8,002.58"
Neptune City borough,2017,"187,076,140","222,537,624","94,483.00"
Neptune City borough,2019,"23,661,854","33,414,279","17,294.72"
Neptune township,2019,"187,794,703","265,195,814","133,570.85"
Neptune township,2017,"25,576,406","30,449,649","12,817.53"
Netcong borough,2019,"39,457,362","55,720,031","25,331.74"
Netcong borough,2017,"30,420,995","38,589,751","16,419.34"
New Brunswick city,2019,"344,058,399","485,864,849","240,722.89"
New Brunswick city,2017,"372,134,395","432,696,397","199,147.39"
New Hanover township,2019,"26,197,459","68,463,050","35,663.57"
New Hanover township,2015,"23,109,745","48,125,250","22,356.10"
New Milford borough,2019,"55,629,991","78,558,342","51,116.56"
New Milford borough,2017,"54,360,463","73,498,809","35,882.62"
New Providence borough,2019,"79,452,207","112,199,075","65,094.69"
New Providence borough,2017,"86,800,027","107,641,643","49,355.92"
Newark city,2019,"1,726,980,607","2,438,769,639","1,194,027.60"
Newark city,2017,"1,491,660,841","1,833,643,945","1,024,968.76"
Newfield borough,2019,"6,538,820","17,088,205","8,901.54"
Newfield borough,2015,"6,979,897","14,535,395","6,752.27"
Newton town,2019,"65,637,465","92,690,477","39,085.08"
Newton town,2017,"51,929,608","68,462,541","28,242.86"
North Arlington borough,2019,"57,973,130","81,867,226","49,919.09"
North Arlington borough,2017,"42,899,182","63,267,626","31,642.74"
North Bergen township,2017,"339,375,672","417,953,565","207,932.72"
North Bergen township,2019,"190,713,035","269,316,953","165,007.04"
North Brunswick township,2019,"268,632,235","379,351,181","207,732.24"
North Brunswick township,2017,"278,047,697","351,911,603","169,445.80"
North Caldwell borough,2017,"26,767,370","32,200,834","13,649.98"
North Caldwell borough,2019,"16,716,706","23,606,631","13,204.11"
North Haledon borough,2019,"33,208,024","46,894,980","26,438.59"
North Haledon borough,2017,"34,084,761","42,546,619","19,926.04"
North Hanover township,2015,"22,314,531","46,469,245","23,883.58"
North Hanover township,2019,"17,544,211","45,849,110","21,586.82"
North Plainfield borough,2019,"84,392,419","119,175,435","68,258.76"
North Plainfield borough,2017,"78,721,486","92,886,869","42,659.32"
North Wildwood city,2020,"5,301,548","15,154,799","7,894.39"
North Wildwood city,2015,"4,866,810","11,825,478","5,493.41"
Northfield city,2015,"39,865,048","96,864,933","44,997.63"
Northfield city,2020,"34,591,674","85,636,201","44,609.36"
Northvale borough,2019,"28,902,112","40,814,351","17,332.28"
Northvale borough,2017,"14,167,225","19,207,661","8,852.70"
Norwood borough,2019,"27,664,177","39,066,190","15,863.17"
Norwood borough,2017,"25,718,978","35,117,611","14,575.26"
Nutley township,2017,"138,769,081","167,816,923","97,541.49"
Nutley township,2019,"115,905,642","163,677,088","78,503.01"
Oakland borough,2019,"109,926,027","155,232,927","76,289.20"
Oakland borough,2017,"100,698,301","132,641,530","57,868.30"
Oaklyn borough,2019,"8,577,269","22,415,380","11,676.55"
Oaklyn borough,2015,"9,459,834","19,699,780","9,151.33"
Ocean City city,2015,"36,229,813","88,031,963","40,894.36"
Ocean City city,2020,"23,372,423","66,811,500","34,803.25"
Ocean Gate borough,2017,"7,750,729","10,180,532","4,836.64"
Ocean Gate borough,2019,"6,730,712","9,504,829","4,294.20"
Ocean township,2019,"165,108,027","233,158,635","126,411.88"
Ocean township,2017,"160,510,683","191,009,405","81,035.56"
Ocean township,2017,"49,377,054","61,092,405","25,002.56"
Ocean township,2019,"39,782,307","56,178,906","23,294.60"
Oceanport borough,2019,"52,917,429","74,727,776","40,861.41"
Oceanport borough,2017,"50,061,376","58,649,963","25,131.61"
Ogdensburg borough,2019,"21,458,630","30,302,977","11,363.10"
Ogdensburg borough,2017,"13,747,093","17,532,347","6,626.07"
Old Bridge township,2019,"303,950,606","429,226,308","243,733.60"
Old Bridge township,2017,"317,766,122","377,812,957","165,846.44"
Old Tappan borough,2017,"29,183,351","40,347,371","17,813.31"
Old Tappan borough,2019,"25,262,803","35,675,069","12,268.99"
Oldmans township,2015,"31,620,078","85,733,684","44,406.62"
Oldmans township,2020,"31,258,908","85,247,003","39,826.72"
Oradell borough,2019,"41,292,723","58,311,851","37,219.31"
Oradell borough,2017,"43,203,631","58,280,478","27,862.51"
Oxford township,2017,"21,807,365","29,837,737","11,808.75"
Oxford township,2019,"16,647,106","23,508,345","10,915.60"
Palisades Park borough,2019,"84,621,836","119,499,410","56,558.05"
Palisades Park borough,2017,"51,002,531","67,867,847","31,974.97"
Palmyra borough,2019,"16,519,888","43,172,200","22,489.14"
Palmyra borough,2015,"18,987,149","39,540,085","18,367.95"
Paramus borough,2019,"433,354,149","611,964,572","356,347.60"
Paramus borough,2017,"440,705,649","543,109,040","257,302.01"
Park Ridge borough,2019,"44,113,505","62,295,240","28,093.10"
Park Ridge borough,2017,"40,094,336","54,189,769","24,547.46"
Parsippany-Troy Hills township,2019,"546,961,301","772,395,820","411,389.42"
Parsippany-Troy Hills township,2017,"596,112,672","731,855,667","322,917.33"
Passaic city,2019,"195,881,028","276,614,975","159,560.77"
Passaic city,2017,"177,018,416","219,970,157","112,591.47"
Paterson city,2019,"535,688,917","756,477,442","418,552.72"
Paterson city,2017,"493,579,898","605,667,701","291,080.46"
Paulsboro borough,2019,"19,040,889","49,760,450","25,921.07"
Paulsboro borough,2015,"19,066,197","39,704,700","18,444.42"
Peapack and Gladstone borough,2017,"32,944,752","39,202,637","16,715.74"
Peapack and Gladstone borough,2019,"21,908,308","30,937,994","15,926.14"
Pemberton borough,2015,"5,255,911","10,945,255","5,524.17"
Pemberton borough,2019,"4,057,904","10,604,710","5,084.51"
Pemberton township,2019,"76,046,655","198,736,295","103,525.13"
Pemberton township,2015,"92,951,128","193,567,530","89,919.84"
Pennington borough,2019,"11,496,183","30,043,515","15,650.18"
Pennington borough,2015,"14,294,915","29,768,670","13,828.74"
Penns Grove borough,2015,"4,389,399","11,901,278","5,543.98"
Penns Grove borough,2020,"3,902,541","10,642,723","5,528.62"
Pennsauken township,2019,"108,468,262","283,465,205","147,661.86"
Pennsauken township,2015,"120,285,478","250,490,375","116,362.77"
Pennsville township,2015,"40,688,846","110,322,454","51,734.49"
Pennsville township,2020,"36,417,179","99,314,261","51,249.18"
Pequannock township,2017,"124,001,363","156,260,243","78,161.43"
Pequannock township,2019,"109,046,017","153,990,215","68,651.78"
Perth Amboy city,2019,"219,000,121","309,262,788","160,242.64"
Perth Amboy city,2017,"220,386,412","263,760,787","123,768.08"
Phillipsburg town,2017,"79,896,131","106,459,058","41,471.45"
Phillipsburg town,2019,"61,043,071","86,202,466","35,632.97"
Pilesgrove township,2020,"33,262,078","90,709,902","47,252.34"
Pilesgrove township,2015,"32,536,201","88,217,631","40,980.61"
Pine Beach borough,2019,"7,180,944","10,140,628","5,289.18"
Pine Beach borough,2017,"7,708,694","10,025,104","4,272.57"
Pine Hill borough,2019,"21,238,420","55,503,360","28,912.65"
Pine Hill borough,2015,"23,812,590","49,588,900","23,036.02"
Pine Valley borough,2019,"580,459","1,516,940",790.20
Pine Valley borough,2015,"590,319","1,229,320",571.07
Piscataway township,2019,"438,959,707","619,880,498","350,117.92"
Piscataway township,2017,"509,882,854","601,294,556","277,775.30"
Pitman borough,2015,"28,534,269","59,421,635","30,554.46"
Pitman borough,2019,"22,444,450","58,655,135","27,603.72"
Pittsgrove township,2015,"31,839,167","86,327,714","40,504.44"
Pittsgrove township,2020,"28,512,067","77,756,020","40,102.67"
Plainfield city,2019,"171,257,921","241,843,260","147,979.95"
Plainfield city,2017,"153,486,485","189,234,974","90,488.45"
Plainsboro township,2017,"257,768,521","311,493,731","132,297.26"
Plainsboro township,2019,"193,306,612","272,979,493","75,512.07"
Pleasantville city,2020,"64,535,289","159,765,528","83,224.59"
Pleasantville city,2015,"44,389,027","107,857,391","50,104.06"
Plumsted township,2019,"55,681,495","78,631,074","28,588.58"
Plumsted township,2017,"53,745,727","68,751,118","22,038.78"
Pohatcong township,2017,"25,992,448","36,532,519","20,427.52"
Pohatcong township,2019,"23,380,029","33,016,298","13,938.68"
Point Pleasant Beach borough,2019,"35,055,681","49,504,163","25,455.25"
Point Pleasant Beach borough,2017,"29,007,194","36,015,881","15,895.30"
Point Pleasant borough,2019,"79,378,541","112,095,047","59,680.47"
Point Pleasant borough,2017,"79,398,464","99,106,291","43,821.30"
Pompton Lakes borough,2019,"57,249,810","80,845,782","40,549.32"
Pompton Lakes borough,2017,"51,001,614","66,116,766","29,583.34"
Port Republic city,2015,"21,786,077","52,936,269","27,548.96"
Port Republic city,2020,"21,362,437","52,885,500","24,591.01"
Princeton,2015,"137,939,325","287,253,905","147,584.10"
Princeton,2019,"108,411,138","283,315,920","133,440.90"
Prospect Park borough,2019,"14,156,303","19,990,939","11,448.69"
Prospect Park borough,2017,"14,195,032","17,424,870","8,243.46"
Quinton township,2015,"19,066,545","51,696,430","24,015.05"
Quinton township,2020,"15,070,059","41,097,960","21,408.63"
Rahway city,2019,"140,646,714","198,615,391","111,353.14"
Rahway city,2017,"128,469,215","172,405,159","84,145.98"
Ramsey borough,2019,"136,541,621","192,818,353","80,747.33"
Ramsey borough,2017,"140,567,630","180,742,355","75,498.34"
Randolph township,2019,"171,509,763","242,198,895","129,275.23"
Randolph township,2017,"188,952,428","225,544,351","97,082.47"
Raritan borough,2017,"169,027,160","216,125,475","94,878.90"
Raritan borough,2019,"86,758,797","122,517,138","62,123.75"
Raritan township,2019,"147,922,443","208,889,873","84,918.86"
Raritan township,2017,"93,016,245","113,037,170","50,131.84"
Readington township,2017,"134,540,016","176,144,691","76,540.63"
Readington township,2019,"93,330,537","131,797,473","66,982.61"
Red Bank borough,2019,"114,439,309","161,606,393","96,959.98"
Red Bank borough,2017,"109,819,333","129,146,292","60,214.26"
Ridgefield borough,2019,"64,022,286","90,409,589","55,798.25"
Ridgefield borough,2017,"45,447,881","64,588,767","34,297.21"
Ridgefield Park village,2019,"59,124,997","83,493,840","44,337.43"
Ridgefield Park village,2017,"48,935,327","64,651,033","32,048.58"
Ridgewood village,2017,"153,056,200","195,355,097","107,086.72"
Ridgewood village,2019,"136,051,467","192,126,184","89,027.86"
Ringwood borough,2019,"61,150,019","86,353,494","40,710.78"
Ringwood borough,2017,"56,096,242","71,209,422","30,806.00"
River Edge borough,2019,"47,007,791","66,382,431","40,449.96"
River Edge borough,2017,"43,924,994","57,232,202","26,751.97"
River Vale township,2017,"48,089,600","62,738,091","31,619.37"
River Vale township,2019,"43,372,275","61,248,509","28,037.62"
Riverdale borough,2019,"46,024,958","64,994,515","30,913.46"
Riverdale borough,2017,"50,081,422","62,916,010","28,688.54"
Riverside township,2019,"14,027,519","36,658,775","19,096.18"
Riverside township,2015,"17,506,267","36,456,200","16,935.36"
Riverton borough,2019,"5,944,953","15,536,225","8,093.08"
Riverton borough,2015,"7,075,070","14,733,590","6,844.34"
Robbinsville township,2019,"53,245,494","139,148,950","72,485.06"
Robbinsville township,2015,"52,352,468","109,022,215","50,645.17"
Rochelle Park township,2019,"49,446,342","69,826,051","41,779.34"
Rochelle Park township,2017,"46,366,961","58,282,508","27,835.37"
Rockaway borough,2019,"79,598,568","112,405,762","57,907.74"
Rockaway borough,2017,"68,094,853","82,321,582","36,297.30"
Rockaway township,2019,"191,489,227","270,413,057","141,345.41"
Rockaway township,2017,"199,109,579","247,195,779","107,145.79"
Rockleigh borough,2017,"22,846,562","31,225,431","17,202.21"
Rockleigh borough,2019,"10,023,459","14,154,710","5,357.24"
Rocky Hill borough,2017,"6,944,733","8,345,622","4,097.27"
Rocky Hill borough,2019,"5,459,731","7,710,002","2,795.01"
Roosevelt borough,2019,"6,569,071","9,276,567","3,396.78"
Roosevelt borough,2017,"7,085,182","8,678,962","2,927.04"
Roseland borough,2017,"93,702,731","106,820,511","56,146.62"
Roseland borough,2019,"71,120,188","100,432,947","47,542.41"
Roselle borough,2019,"69,608,888","98,298,754","55,938.86"
Roselle borough,2017,"58,985,879","73,856,994","36,018.16"
Roselle Park borough,2019,"41,086,034","58,019,977","32,800.93"
Roselle Park borough,2017,"35,418,709","42,066,077","20,369.12"
Roxbury township,2019,"187,695,209","265,055,306","128,473.95"
Roxbury township,2017,"190,838,684","237,451,416","101,937.73"
Rumson borough,2017,"33,745,422","39,923,174","20,984.56"
Rumson borough,2019,"24,806,209","35,030,287","16,906.28"
Runnemede borough,2019,"23,588,467","61,644,850","32,111.85"
Runnemede borough,2015,"24,673,531","51,381,780","23,868.89"
Rutherford borough,2019,"83,964,290","118,570,853","66,991.67"
Rutherford borough,2017,"77,348,420","102,071,036","46,817.62"
Saddle Brook township,2019,"96,066,364","135,660,895","78,568.00"
Saddle Brook township,2017,"85,595,324","106,712,530","53,558.64"
Saddle River borough,2019,"43,026,368","60,760,033","30,662.41"
Saddle River borough,2017,"43,395,468","57,207,359","24,873.30"
Salem city,2015,"12,192,630","33,058,713","15,387.40"
Salem city,2020,"10,831,569","29,539,060","15,357.09"
Sandyston township,2017,"13,511,293","18,909,684","7,461.41"
Sandyston township,2019,"11,448,742","16,167,433","5,037.31"
Sayreville borough,2019,"224,122,992","316,497,099","182,946.52"
Sayreville borough,2017,"221,226,695","264,918,909","127,128.82"
Scotch Plains township,2019,"100,702,009","142,207,155","85,648.14"
Scotch Plains township,2017,"112,161,761","135,509,864","63,133.91"
Sea Bright borough,2019,"8,310,137","11,735,226","6,569.75"
Sea Bright borough,2017,"8,663,234","10,487,902","4,385.77"
Sea Girt borough,2017,"15,702,435","18,182,445","7,678.92"
Sea Girt borough,2019,"10,511,541","14,843,958","7,652.06"
Sea Isle City city,2020,"4,415,916","12,623,166","6,575.62"
Sea Isle City city,2015,"4,167,469","10,126,205","4,704.03"
Seaside Heights borough,2017,NDA,NDA,NDA
Seaside Heights borough,2019,NDA,NDA,NDA
Seaside Park borough,2019,"6,162,379","8,702,254","4,551.11"
Seaside Park borough,2017,"5,070,452","6,779,421","2,807.50"
Secaucus town,2017,"437,534,795","541,306,492","254,228.29"
Secaucus town,2019,"244,148,622","344,776,452","208,582.93"
Shamong township,2019,"15,922,809","41,611,825","21,676.31"
Shamong township,2015,"19,412,361","40,425,575","18,779.29"
Shiloh borough,2015,"7,175,911","18,698,077","9,411.08"
Shiloh borough,2020,"6,754,253","18,066,363","8,686.00"
Ship Bottom borough,2019,"16,887,869","23,848,340","8,503.99"
Ship Bottom borough,2017,"11,234,864","14,342,135","5,819.51"
Shrewsbury borough,2019,"49,148,143","69,404,948","42,553.58"
Shrewsbury borough,2017,"8,528,922","10,185,834","4,421.44"
Shrewsbury township,2017,"46,715,856","55,791,336","26,276.08"
Shrewsbury township,2019,"9,827,633","13,878,171","7,457.58"
Somerdale borough,2019,"15,021,953","39,257,575","20,449.94"
Somerdale borough,2015,"15,762,126","32,824,085","15,248.10"
Somers Point city,2020,"39,204,160","97,055,012","50,557.61"
Somers Point city,2015,"39,269,226","95,417,191","44,325.09"
Somerville borough,2019,"139,076,403","196,397,868","97,023.82"
Somerville borough,2017,"149,453,516","179,405,543","76,202.50"
South Amboy city,2019,"39,014,479","55,094,611","29,786.07"
South Amboy city,2017,"40,162,901","51,565,052","22,566.01"
South Bound Brook borough,2019,"17,530,025","24,755,165","12,960.20"
South Bound Brook borough,2017,"17,549,537","21,320,547","9,100.26"
South Brunswick township,2019,"347,687,342","490,989,496","244,680.68"
South Brunswick township,2017,"378,714,716","471,452,971","227,478.50"
South Hackensack township,2019,NDA,NDA,NDA
South Hackensack township,2017,"6,280,647","7,601,169","3,670.44"
South Harrison township,2015,"12,442,981","25,912,080","13,015.86"
South Harrison township,2019,"9,561,088","24,986,440","12,037.20"
South Orange Village township,2017,"105,332,923","125,826,784","60,306.59"
South Orange Village township,2019,"66,383,292","93,743,702","54,335.41"
South Plainfield borough,2017,"226,384,509","263,803,258","185,377.33"
South Plainfield borough,2019,"183,979,994","259,808,838","143,130.73"
South River borough,2019,"68,036,738","96,078,630","55,335.43"
South River borough,2017,"68,790,697","83,619,554","41,833.88"
South Toms River borough,2019,"12,746,642","18,000,274","8,381.00"
South Toms River borough,2017,"11,320,045","13,605,778","5,802.63"
Southampton township,2019,"29,495,012","77,080,700","40,152.65"
Southampton township,2015,"34,331,248","71,493,645","33,211.65"
Sparta township,2019,"116,869,678","165,038,460","68,149.03"
Sparta township,2017,"124,110,629","162,653,782","64,215.56"
Spotswood borough,2017,"43,786,275","52,594,387","30,481.11"
Spotswood borough,2019,"35,820,440","50,584,124","24,593.45"
Spring Lake borough,2017,"18,081,147","20,786,261","8,676.03"
Spring Lake borough,2019,"11,372,895","16,060,326","8,667.43"
Spring Lake Heights borough,2017,"28,305,329","33,489,545","17,771.15"
Spring Lake Heights borough,2019,"23,626,350","33,364,141","14,352.73"
Springfield township,2019,"112,219,547","158,471,742","92,904.40"
Springfield township,2017,"117,124,070","139,618,009","66,899.77"
Springfield township,2019,"12,494,248","32,651,805","17,008.88"
Springfield township,2015,"13,490,412","28,093,320","13,050.47"
Stafford township,2019,"190,653,747","269,233,230","91,831.29"
Stafford township,2017,"181,503,339","223,568,383","85,328.72"
Stanhope borough,2019,"41,013,119","57,917,008","15,860.43"
Stanhope borough,2017,"29,760,111","39,396,694","11,891.12"
Stillwater township,2017,"21,727,518","28,704,080","11,754.15"
Stillwater township,2019,"20,197,094","28,521,489","11,419.15"
Stockton borough,2017,"5,646,953","7,020,631","2,807.17"
Stockton borough,2019,"4,059,296","5,732,368","1,309.56"
Stone Harbor borough,2020,"2,028,353","5,798,172","3,020.37"
Stone Harbor borough,2015,"1,897,110","4,609,639","2,141.36"
Stow Creek township,2015,"3,153,305","8,216,481","4,266.21"
Stow Creek township,2020,"3,061,825","8,189,810","3,816.88"
Stratford borough,2015,"27,861,221","58,020,035","26,952.62"
Stratford borough,2019,"17,539,183","45,835,970","23,876.74"
Summit city,2019,"157,272,515","222,093,653","122,999.90"
Summit city,2017,"181,640,100","215,710,328","95,395.46"
Surf City borough,2019,NDA,NDA,NDA
Surf City borough,2017,"3,679,071","4,808,516","1,848.42"
Sussex borough,2019,"16,739,512","23,638,837","10,159.39"
Sussex borough,2017,"15,147,512","20,745,876","9,927.71"
Swedesboro borough,2019,"10,020,455","26,186,925","13,641.22"
Swedesboro borough,2015,"12,169,730","25,343,045","11,772.86"
Tabernacle township,2019,"18,288,779","47,794,925","24,897.19"
Tabernacle township,2015,"22,403,044","46,653,570","21,672.44"
Tavistock borough,2019,"174,026","454,790",236.91
Tavistock borough,2015,0,0,0.00
Teaneck township,2019,"183,701,165","259,415,086","129,652.74"
Teaneck township,2017,"186,433,986","237,887,042","109,014.50"
Tenafly borough,2017,"70,365,322","91,091,453","41,252.83"
Tenafly borough,2019,"56,877,485","80,320,000","41,143.19"
Teterboro borough,2019,"90,949,387","128,434,911","82,180.42"
Teterboro borough,2017,"67,496,597","83,514,517","42,477.32"
Tewksbury township,2017,"47,427,704","61,234,714","25,883.44"
Tewksbury township,2019,"35,162,899","49,655,573","25,396.73"
Tinton Falls borough,2019,"152,517,860","215,379,333","117,741.46"
Tinton Falls borough,2017,"149,442,694","173,834,767","79,141.61"
Toms River township,2019,"522,119,160","737,314,796","372,792.53"
Toms River township,2017,"484,970,895","598,059,812","267,920.91"
Totowa borough,2019,"118,110,530","166,790,738","100,623.37"
Totowa borough,2017,"119,679,899","144,681,762","71,620.02"
Trenton city,2015,"309,513,714","644,551,675","328,088.31"
Trenton city,2019,"241,004,471","629,828,305","299,419.97"
Tuckerton borough,2019,"20,958,460","29,596,659","8,523.73"
Tuckerton borough,2017,"17,494,451","21,686,293","7,934.30"
Union Beach borough,2019,"44,812,938","63,282,952","33,715.30"
Union Beach borough,2017,"26,369,606","31,200,091","12,829.07"
Union City city,2017,"182,458,664","223,431,198","105,357.67"
Union City city,2019,"115,111,346","162,555,420","86,985.48"
Union township,2019,"355,247,951","501,666,263","297,998.31"
Union township,2017,"361,841,359","428,576,937","200,389.30"
Union township,2017,"31,889,195","46,047,779","20,224.38"
Union township,2019,"24,586,933","34,720,636","15,308.86"
Upper Deerfield township,2015,"26,300,134","68,529,547","35,636.89"
Upper Deerfield township,2020,"25,576,306","68,411,830","31,834.71"
Upper Freehold township,2017,"68,924,117","84,003,084","35,294.79"
Upper Freehold township,2019,"33,957,695","47,953,632","12,323.30"
Upper Pittsgrove township,2015,"24,065,738","65,251,083","33,806.39"
Upper Pittsgrove township,2020,"23,797,148","64,897,837","30,311.73"
Upper Saddle River borough,2017,"59,637,497","78,479,666","40,123.39"
Upper Saddle River borough,2019,"54,808,036","77,397,612","39,072.94"
Upper township,2020,"77,519,707","221,594,817","115,432.52"
Upper township,2015,"86,604,889","210,434,381","97,755.17"
Ventnor City city,2015,"8,730,225","21,212,884","10,548.63"
Ventnor City city,2020,"8,179,781","20,250,116","9,854.23"
Vernon township,2019,"146,387,108","206,721,739","78,908.99"
Vernon township,2017,"149,834,005","192,961,990","69,988.44"
Verona township,2017,"68,576,445","81,860,206","44,874.59"
Verona township,2019,"54,366,185","76,773,651","39,510.28"
Victory Gardens borough,2019,"6,379,420","9,008,751","4,537.80"
Victory Gardens borough,2017,"5,801,111","7,244,167","3,056.91"
Vineland city,2015,"193,529,530","504,274,644","240,050.77"
Vineland city,2020,"172,282,487","460,823,403","234,255.69"
Voorhees township,2019,"100,170,608","261,780,555","136,365.96"
Voorhees township,2015,"113,227,585","235,792,555","109,535.05"
Waldwick borough,2019,"54,515,795","76,984,921","40,422.84"
Waldwick borough,2017,"53,583,612","70,182,279","30,962.92"
Wall township,2019,"218,346,427","308,339,672","151,291.41"
Wall township,2017,"237,844,279","283,865,503","127,153.08"
Wallington borough,2019,"53,628,983","75,732,602","47,184.59"
Wallington borough,2017,"34,298,553","47,736,942","23,809.30"
Walpack township,2017,"36,358","80,015",30.16
Walpack township,2019,"34,958","49,367",16.48
Wanaque borough,2019,"66,616,010","94,072,336","47,295.27"
Wanaque borough,2017,"60,662,795","75,365,511","32,180.12"
Wantage township,2019,"56,228,509","79,403,544","29,934.17"
Wantage township,2017,"54,084,696","72,201,205","27,341.54"
Warren township,2017,"161,584,186","196,745,100","93,660.64"
Warren township,2019,"125,451,213","177,156,942","84,561.87"
Washington borough,2017,"42,462,800","57,644,925","22,457.98"
Washington borough,2019,"29,433,640","41,564,954","21,038.19"
Washington township,2019,"158,994,846","415,508,700","216,445.57"
Washington township,2015,"175,808,284","366,114,710","170,074.89"
Washington township,2017,"115,305,565","141,807,591","58,390.89"
Washington township,2019,"79,940,468","112,888,584","58,238.87"
Washington township,2017,"54,412,026","73,818,639","29,332.70"
Washington township,2019,"39,094,423","55,207,505","29,242.09"
Washington township,2019,"36,711,383","51,842,277","28,216.67"
Washington township,2017,"34,982,806","45,619,793","20,741.78"
Washington township,2019,"3,254,256","8,504,500","4,430.14"
Washington township,2015,"3,547,876","7,388,330","3,432.17"
Watchung borough,2019,"55,392,985","78,223,652","45,311.21"
Watchung borough,2017,"63,947,005","76,711,328","36,426.68"
Waterford township,2019,"31,269,629","81,718,390","42,568.50"
Waterford township,2015,"37,915,055","78,956,800","36,678.58"
Wayne township,2019,"392,603,078","554,417,608","308,287.61"
Wayne township,2017,"437,585,539","531,310,137","242,495.93"
Weehawken township,2017,"86,689,195","101,748,672","47,746.30"
Weehawken township,2019,"41,832,378","59,073,929","33,023.51"
Wenonah borough,2019,"5,838,247","15,257,365","7,947.82"
Wenonah borough,2015,"6,463,017","13,459,010","6,252.25"
West Amwell township,2017,"23,168,138","30,780,657","12,962.15"
West Amwell township,2019,"18,781,884","26,522,990","6,200.94"
West Caldwell township,2019,"93,843,653","132,522,071","82,844.60"
West Caldwell township,2017,"103,074,959","124,092,497","58,358.58"
West Cape May borough,2020,"576,642","1,648,367",858.66
West Cape May borough,2015,"464,625","1,128,956",524.45
West Deptford township,2019,"81,225,670","212,270,860","110,575.51"
West Deptford township,2015,"93,567,914","194,851,965","90,516.51"
West Long Branch borough,2019,"65,770,872","92,878,869","52,864.23"
West Long Branch borough,2017,"68,947,076","81,387,353","34,958.83"
West Milford township,2019,"136,014,332","192,073,735","91,445.90"
West Milford township,2017,"148,727,981","187,115,059","84,145.74"
West New York town,2017,"148,876,799","182,861,269","86,250.59"
West New York town,2019,"86,010,142","121,459,920","70,150.10"
West Orange township,2019,"197,326,991","278,656,906","154,918.45"
West Orange township,2017,"236,904,098","273,697,094","125,256.70"
West Wildwood borough,2015,"46,049","111,891",53.83
West Wildwood borough,2020,"36,151","103,340",51.98
West Windsor township,2019,"156,814,215","409,809,955","213,477.00"
West Windsor township,2015,"190,820,416","397,376,960","184,597.45"
Westampton township,2019,"44,262,351","115,672,880","60,255.98"
Westampton township,2015,"45,521,027","94,795,975","44,036.51"
Westfield town,2017,"146,416,159","180,421,686","106,026.96"
Westfield town,2019,"127,667,205","180,286,277","84,763.91"
Westville borough,2019,"12,648,860","33,055,860","17,219.36"
Westville borough,2015,"15,353,038","31,972,175","14,852.35"
Westwood borough,2019,"56,144,525","79,284,944","46,240.73"
Westwood borough,2017,"51,432,742","70,868,656","33,572.08"
Weymouth township,2015,"18,495,685","44,941,205","20,876.98"
Weymouth township,2020,"15,032,828","37,215,726","19,386.31"
Wharton borough,2019,"52,922,670","74,735,176","39,675.54"
Wharton borough,2017,"42,266,240","52,696,115","23,235.56"
White township,2017,"33,008,881","44,463,803","18,423.49"
White township,2019,"22,373,555","31,594,995","16,037.71"
Wildwood city,2020,"2,338,637","6,685,136","3,482.40"
Wildwood city,2015,"2,465,015","5,989,547","2,782.38"
Wildwood Crest borough,2020,"1,866,920","5,336,704","2,779.98"
Wildwood Crest borough,2015,"1,962,227","4,767,861","2,214.86"
Willingboro township,2019,"70,397,099","183,972,045","95,834.18"
Willingboro township,2015,"79,656,145","165,881,185","77,058.43"
Winfield township,2019,"4,236,150","5,982,113","3,392.67"
Winfield township,2017,"3,170,852","4,774,362","2,131.52"
Winslow township,2019,"118,175,582","308,833,800","160,876.80"
Winslow township,2015,"145,481,147","302,959,490","140,736.77"
Woodbine borough,2020,"5,117,016","14,627,302","7,619.61"
Woodbine borough,2015,"5,243,419","12,740,569","5,918.50"
Woodbridge township,2019,"638,613,832","901,823,687","522,892.87"
Woodbridge township,2017,"694,198,957","863,502,859","423,195.00"
Woodbury city,2019,"40,621,215","106,157,330","55,299.16"
Woodbury city,2015,"46,095,046","95,991,350","44,591.81"
Woodbury Heights borough,2019,"12,099,547","31,620,315","16,471.56"
Woodbury Heights borough,2015,"11,867,209","24,713,055","11,480.20"
Woodcliff Lake borough,2017,"51,634,166","63,881,741","31,322.20"
Woodcliff Lake borough,2019,"42,804,288","60,446,421","30,378.04"
Woodland Park borough,2019,"57,957,485","81,845,130","47,415.91"
Woodland Park borough,2017,"58,570,824","70,798,397","33,327.81"
Woodland township,2015,"12,226,168","25,460,575","11,827.45"
Woodland township,2019,"4,920,212","12,858,220","6,698.07"
Woodlynne borough,2019,"3,769,211","9,850,255","5,131.17"
Woodlynne borough,2015,"4,389,362","9,140,695","4,246.22"
Wood-Ridge borough,2019,"36,292,197","51,250,318","31,878.13"
Wood-Ridge borough,2017,"30,452,584","39,765,731","19,015.34"
Woodstown borough,2020,"5,745,623","15,669,042","8,162.27"
Woodstown borough,2015,"5,429,266","14,720,742","6,838.37"
Woolwich township,2019,"45,245,750","118,242,845","61,594.72"
Woolwich township,2015,"42,108,637","87,689,790","40,735.41"
Wrightstown borough,2019,"24,133,311","63,068,715","32,853.57"
Wrightstown borough,2015,"12,423,175","25,870,835","12,018.04"
Wyckoff township,2017,"111,771,836","144,177,494","75,024.40"
Wyckoff township,2019,"98,656,677","139,318,822","64,142.12"
