Municipality,Year,Res_Electricity_GHG,Res_Natural_Gas_GHG,On_Road_Vehicles,Total_MTCO2e
Linden city,2015,"25,447","48,727","162,024","236,198"
Newark city,2015,"120,168","322,453","1,024,969","1,467,589"
Newark city,2020,"114,156","302,925","1,194,028","1,611,109"
Ridgefield borough,2015,"7,288","18,917","34,297","60,502"
Woodbridge Township,2020,"57,838","201,762","522,893","782,493"
Jersey City city ,2015,"138,080","256,370","861,958","1,256,408"
Linden city,2020,"22,114","86,958","198,088","307,160"
Toms River township,2020,"85,512","8,099","372,793","466,404"
Jersey City city ,2020,"137,670","229,644","573,525","940,838"
Edison township,2020,"56,215","181,462","623,144","860,821"
Elizabeth city,2020,"53,494","214,180","587,312","854,986"
Edison township,2015,"65,847","134,859","548,751","749,457"
Elizabeth city,2015,"58,657","121,165","548,855","728,677"
Paterson city,2020,"64,104","182,398","418,553","665,055"
Ridgefield borough,2020,"6,323","17,275","55,798","79,397"
Woodbridge Township,2015,"65,770","109,972","423,195","598,938"
Atlantic City city,2015,"21,791","37,775","119,473","179,038"
Paterson city,2015,"69,005","196,618","291,080","556,703"
Bayonne city,2015,"36,477","85,372","152,759","274,609"
Piscataway township,2020,"29,181","63,428","350,118","442,727"
Hamilton township,2020,"64,016","120,684","421,795","606,494"
Hamilton township,2015,"74,862","134,723","333,464","543,049"
Atlantic City city,2020,"18,831","32,053","143,133","194,018"
Piscataway township,2015,"33,381","68,815","277,775","379,971"
Trenton city,2015,"44,841","122,750","299,420","467,011"
Lakewood township,2020,"75,702","102,678","278,906","457,286"
Cherry Hill township,2020,"57,607","103,713","370,117","531,437"
Cherry Hill township,2015,"68,180","122,002","312,130","502,312"
Camden city,2015,"39,458","91,986","178,878","310,322"
Clifton city,2020,"47,131","125,596","347,034","519,760"
Franklin township,2020,"44,307","98,342","322,086","464,735"
Trenton city,2020,"41,315","112,827","328,088","482,231"
Parsippany-Troy Hills township,2020,"33,885","65,427","411,389","510,701"
Toms River township,2015,"96,948","160,338","267,921","525,207"
Lakewood township,2015,"73,071","90,138","195,245","358,454"
Perth Amboy city,2015,"24,751","50,797","123,768","199,316"
Parsippany-Troy Hills township,2015,"39,847","67,588","322,917","430,352"
Vineland City,2015,"1,957","74,332","234,256","310,545"
Franklin township,2015,"50,402","108,057","254,553","413,012"
Union township,2020,"32,422","134,367","297,998","464,787"
Camden city,2020,"36,316","76,087","234,194","346,597"
Sayreville borough,2020,"27,743","62,490","182,947","273,180"
Clifton city,2015,"53,947","141,618","220,883","416,449"
New Brunswick city,2015,"22,529","45,539","199,147","267,216"
Bridgewater township,2020,"33,965","77,988","277,551","389,504"
Sayreville borough,2015,"32,349","72,301","127,129","231,779"
Vineland City,2020,"1,513","64,979","240,051","306,543"
Wayne township,2020,"41,334","101,960","308,288","451,582"
New Brunswick city,2020,"19,957","39,914","240,723","300,594"
Wayne township,2015,"48,521","112,372","242,496","403,389"
Bridgewater township,2015,"39,568","88,007","224,371","351,946"
Paulsboro borough,2015,"5,702","5,394","18,444","29,540"
Gloucester township,2015,"46,622","81,242","207,755","335,619"
South Brunswick township,2015,"34,184","74,727","227,478","336,389"
Gloucester township,2020,"38,266","70,553","248,639","357,458"
Paramus borough,2020,"19,717","52,512","356,348","428,576"
South Brunswick township,2020,"29,714","69,879","244,681","344,273"
Perth Amboy city,2020,"22,614","92,588","160,243","275,445"
Hackensack city,2020,"25,989","30,860","304,122","360,970"
Secaucus town,2015,"13,956","24,755","254,228","292,939"
Galloway township,2020,"24,415","45,109","157,214","226,738"
Brick township,2020,"65,984","103,343","250,938","420,266"
Paramus borough,2015,"22,618","57,394","257,302","337,315"
Middletown township,2015,"70,315","120,347","174,720","365,381"
Secaucus town,2020,"12,948","23,798","208,583","245,329"
Galloway township,2015,"31,346","50,173","163,363","244,883"
Union township,2015,"36,285","77,933","200,389","314,607"
Old Bridge township,2020,"43,341","81,851","243,734","368,925"
Hackensack city,2015,"30,071","34,907","204,769","269,748"
Bridgeton city,2015,"32,323","16,662","28,121","77,105"
Brick township,2015,"77,277","113,210","174,897","365,384"
North Bergen township,2015,"29,468","58,502","207,933","295,903"
Mount Laurel township,2020,"38,723","56,117","249,637","344,477"
Millville city,2015,"30,552","32,372","75,293","138,218"
Mount Laurel township,2015,"44,233","63,749","191,672","299,654"
Millville city,2020,"24,220","75,123","82,395","181,738"
East Brunswick township,2020,"32,042","73,161","232,377","337,580"
East Brunswick township,2015,"36,975","83,655","191,003","311,633"
Old Bridge township,2015,"51,035","87,621","165,846","304,502"
Rahway city,2020,"17,214","60,157","111,353","188,724"
Egg Harbor township,2015,"29,772","64,176","205,549","299,497"
Lawrence township,2020,"22,998","47,407","214,346","284,751"
Hamilton township,2020,"27,961","27,193","279,769","334,922"
Kearny town,2015,"19,937","56,468","190,275","266,680"
Middletown township,2020,"59,498","3,787","257,881","321,165"
Bayonne city,2020,"33,252","78,074","146,369","257,696"
Howell township,2020,"42,105","73,011","208,146","323,263"
Egg Harbor township,2020,"23,289","56,941","232,932","313,162"
Monroe township,2020,"51,408","128,779","130,570","310,757"
Lawrence township,2015,"26,881","51,388","168,040","246,310"
Princeton,2015,"24,289","52,834","133,441","210,564"
Ewing township,2015,"26,917","49,796","131,506","208,219"
Freehold township,2015,"35,663","58,487","192,968","287,118"
Washington township,2020,"24,344","60,874","216,446","301,664"
Howell township,2015,"50,058","74,450","183,610","308,118"
Freehold township,2020,"30,514","58,020","217,594","306,128"
North Bergen township,2020,"26,634","53,013","165,007","244,654"
Ewing township,2020,"24,280","45,812","166,682","236,774"
Washington township,2015,"28,026","72,816","170,075","270,916"
West Windsor township,2020,"21,003","46,709","213,477","281,189"
East Orange city,2020,"29,478","72,199","141,003","242,680"
East Orange city,2015,"30,649","76,096","109,359","216,104"
Bridgeton city,2020,"25,505","15,933","29,033","70,471"
Jackson township,2020,"47,615","82,214","170,405","300,234"
Pennsauken township,2015,"25,775","51,024","116,363","193,161"
Hamilton township,2015,"35,005","29,783","210,886","275,674"
North Brunswick township,2020,"24,131","53,779","207,732","285,642"
Monroe township,2015,"59,140","83,239","121,664","264,043"
West Windsor township,2015,"23,800","52,287","184,597","260,684"
Evesham township,2015,"45,949","66,577","156,394","268,920"
Kearny town,2020,"18,189","51,771","139,314","209,274"
West Orange township,2020,"31,910","86,702","154,918","273,531"
Pennsauken township,2020,"22,659","45,940","147,662","216,261"
Morristown Town,2020,"13,630","25,124","218,184","256,938"
Mahwah township,2015,"23,970","58,454","168,189","250,613"
Montclair township,2015,"31,243","88,186","149,539","268,968"
West Orange township,2015,"36,214","94,802","125,257","256,273"
Hoboken city,2015,"39,824","31,477","136,265","207,566"
Evesham township,2020,"38,476","58,097","182,411","278,984"
North Brunswick township,2015,"27,514","60,021","169,446","256,980"
Passaic city,2020,"26,956","63,439","159,561","249,956"
Princeton,2020,"21,869","47,628","147,584","217,080"
Montclair township,2020,"28,170","78,264","170,480","276,913"
South Plainfield borough,2020,"15,298","33,595","185,377","234,270"
Carteret borough,2020,"13,231","46,375","121,458","181,064"
Jackson township,2015,"9,091","87,293","184,512","280,897"
Marlboro township,2020,"37,867","87,470","164,085","289,422"
Logan township,2015,931,"5,364","53,694","59,990"
Livingston township,2015,"30,243","77,774","132,599","240,616"
Passaic city,2015,"29,922","69,420","112,591","211,934"
Paulsboro borough,2020,"4,601","4,823","25,921","35,345"
Livingston township,2020,"26,505","68,888","154,499","249,892"
Monroe township,2015,"35,490","50,347","129,104","214,941"
Manchester township,2020,"56,251","89,421","119,373","265,046"
Plainsboro township,2015,"22,737","22,282","132,297","177,316"
South Plainfield borough,2015,"17,581","37,190","143,131","197,901"
Burlington township,2020,"15,886","29,869","147,359","193,114"
Burlington township,2015,"18,987","34,100","109,540","162,627"
Morristown Town,2015,"15,307","27,540","149,971","192,817"
Hillsborough township,2020,"33,250","57,274","154,944","245,469"
Marlboro township,2015,"45,409","87,981","125,358","258,748"
Mahwah township,2020,"20,350","54,467","149,204","224,021"
Westville borough,2015,"3,492","5,721","14,852","24,066"
Bloomfield township,2020,"27,527","68,041","135,318","230,886"
Hillsborough township,2015,"38,332","60,342","132,726","231,400"
Bernards township,2015,"30,913","64,214","124,036","219,164"
Manalapan township,2015,"43,557","74,445","128,806","246,809"
Bloomfield township,2015,"29,515","72,932","109,723","212,170"
Plainfield city,2020,"24,399","60,551","147,980","232,930"
Fair Lawn borough,2020,"21,695","55,738","148,757","226,190"
Monroe township,2020,"27,857","44,520","143,100","215,476"
Wall township,2020,"24,837","49,291","151,291","225,420"
Union City city,2015,"25,892","50,387","105,358","181,636"
Moorestown township,2015,"24,714","44,377","123,346","192,437"
Wall township,2015,"28,893","54,079","127,153","210,126"
Mount Olive township,2020,"20,910","36,294","143,908","201,111"
Rockaway township,2020,"20,516","24,483","141,345","186,344"
Kenilworth borough,2020,"5,222","18,099","94,250","117,570"
Teaneck township,2015,"30,932","75,864","109,014","215,810"
Winslow township,2020,"29,585","44,732","160,877","235,194"
Summit city,2020,"18,717","46,929","123,000","188,646"
Bernards township,2020,"25,914","57,258","137,445","220,616"
Irvington township,2020,"23,327","69,209","111,194","203,730"
Winslow township,2015,"36,441","47,670","140,737","224,848"
Manalapan township,2020,"35,975","71,973","134,824","242,773"
Teaneck township,2020,"27,477","66,685","129,653","223,814"
Rockaway township,2015,"24,092","20,346","107,146","151,584"
West Deptford township,2015,"20,942","25,271","90,517","136,730"
Irvington township,2015,"24,696","72,449","79,736","176,881"
Fort Lee borough,2015,"23,071","33,202","105,222","161,495"
Hoboken city,2020,"33,322","25,982","101,897","161,200"
Moorestown township,2020,"21,304","39,502","132,759","193,564"
Berkeley township,2015,"42,083","91,606","96,388","230,078"
Deptford township,2020,"19,510","37,750","164,534","221,794"
Summit city,2015,"23,013","54,023","95,395","172,432"
Hillside township,2020,"11,783","56,671","87,518","155,972"
Englewood city,2020,"20,162","45,823","121,606","187,591"
Fair Lawn borough,2015,"24,694","61,622","96,902","183,217"
Englewood city,2015,"22,492","50,478","96,900","169,870"
Voorhees township,2020,"21,352","38,672","136,366","196,390"
Fort Lee borough,2020,"21,442","30,633","105,330","157,405"
Elmwood Park borough,2015,"13,243","29,137","61,690","104,070"
East Greenwich township,2015,"10,388","13,620","30,560","54,569"
Oldmans township,2015,"2,277","1,411","39,827","43,515"
West Deptford township,2020,"17,462","22,359","110,576","150,397"
Fairfield township,2020,"6,892","17,246","161,553","185,691"
Hanover township,2020,"11,534","27,629","135,490","174,653"
Deptford township,2015,"23,183","43,132","129,813","196,128"
Voorhees township,2015,"23,035","44,724","109,535","177,294"
Millburn township,2015,"24,483","63,557","110,316","198,356"
Middle township,2020,"18,439","41,735","147,920","208,094"
Westfield town,2020,"26,079","89,114","106,027","221,219"
Plainfield city,2015,"26,657","65,297","90,488","182,443"
Manchester township,2015,"66,487","35,138","102,592","204,218"
Branchburg township,2020,"13,134","27,370","107,679","148,183"
Mount Olive township,2015,"23,075","27,752","106,855","157,682"
Branchburg township,2015,"15,101","29,493","81,917","126,511"
Neptune township,2020,"20,823","41,007","133,571","195,400"
Millburn township,2020,"21,902","56,310","124,499","202,711"
Union City city,2020,"22,993","44,608","86,985","154,586"
Cranford township,2020,"16,422","55,598","123,848","195,868"
Hanover township,2015,"13,239","30,458","97,184","140,880"
Ocean township,2020,"24,822","47,363","126,412","198,597"
Randolph township,2020,"21,884","44,192","129,275","195,351"
East Hanover township,2015,"10,454","28,363","106,849","145,665"
Montville township,2020,"20,975","41,260","129,681","191,916"
Hopewell township,2020,"17,580","34,881","115,216","167,676"
Fairfield township,2015,"7,943","18,450","117,905","144,298"
Raritan township,2020,"20,150","59,185","84,919","164,253"
Middle township,2015,"22,961","22,861","128,723","174,545"
East Windsor township,2015,"20,693","34,491","116,547","171,731"
Roxbury township,2020,"18,341","28,995","128,474","175,809"
Morris township,2015,"22,565","52,740","84,596","159,900"
Carlstadt borough,2020,"3,712","9,056","101,405","114,172"
Nutley township,2020,"19,358","45,761","97,541","162,660"
West New York town,2015,"22,457","30,359","86,251","139,067"
Lacey township,2015,"46,190","50,072","84,382","180,644"
Nutley township,2015,"22,394","51,526","78,503","152,424"
East Hanover township,2020,"9,383","24,723","126,659","160,765"
Ridgewood village,2015,"24,178","65,219","89,028","178,425"
East Windsor township,2020,"17,667","30,537","124,233","172,438"
Montville township,2015,"24,497","42,417","104,877","171,791"
Belleville township,2020,"19,214","46,529","105,839","171,582"
Carlstadt borough,2015,"4,460","11,115","67,557","83,132"
Westville borough,2020,"3,048","5,306","17,219","25,573"
Randolph township,2015,"25,092","45,525","97,082","167,699"
Plainsboro township,2020,"19,104","19,949","75,512","114,565"
Lindenwold borough,2015,"14,872","13,938","38,034","66,843"
Ridgewood village,2020,"20,949","57,611","107,087","185,647"
Lyndhurst township,2020,"13,979","30,711","112,283","156,974"
Glassboro borough,2020,"12,811","20,637","95,290","128,739"
Ocean township,2015,"28,687","52,441","81,036","162,164"
Atlantic Highlands borough,2020,"4,158","142,451","18,792","165,401"
Glassboro borough,2015,"15,210","22,936","77,391","115,538"
Elmwood Park borough,2020,"11,607","26,965","100,903","139,476"
Roxbury township,2015,"20,881","28,439","101,938","151,258"
Belleville township,2015,"21,629","49,826","80,397","151,852"
Rahway city,2015,"18,849","33,284","84,146","136,278"
East Rutherford borough,2020,"5,946","10,841","110,861","127,648"
Stafford township,2015,"30,824","35,669","91,831","158,325"
Hammonton town,2020,"14,047","16,999","140,514","171,560"
West Milford township,2020,"21,324","30,038","91,446","142,809"
Carteret borough,2015,"15,098","25,093","78,565","118,755"
Montgomery township,2015,"21,928","45,835","95,656","163,419"
Westfield town,2015,"29,104","54,771","84,764","168,639"
East Greenwich township,2020,"9,072","13,126","44,910","67,109"
Long Branch city,2015,"24,140","45,171","75,653","144,964"
Denville township,2020,"14,121","27,234","113,624","154,980"
Clinton township,2020,"12,465","21,316","48,801","82,581"
Totowa borough,2020,"7,880","21,787","100,623","130,290"
Cranford township,2015,"18,385","35,292","97,066","150,743"
Warren township,2015,"20,166","46,173","84,562","150,901"
Hopewell township,2015,"20,440","18,582","91,548","130,570"
West Milford township,2015,"24,384","32,597","84,146","141,127"
Morris township,2020,"19,573","49,120","90,430","159,123"
Warren township,2020,"17,505","41,437","93,661","152,602"
Willingboro township,2020,"21,186","56,775","95,834","173,795"
Hammonton town,2015,"18,194","18,771","119,541","156,506"
Florham Park borough,2020,"9,873","23,597","114,647","148,118"
Berkeley township,2020,"36,602","11,114","122,401","170,117"
West New York town,2020,"20,258","28,555","70,150","118,963"
Scotch Plains township,2020,"19,570","64,163","85,648","169,381"
Willingboro township,2015,"25,357","62,646","77,058","165,061"
Lyndhurst township,2015,"15,546","34,283","69,455","119,284"
Hackettstown town,2020,"6,909","15,271","54,007","76,188"
Garfield city,2020,"14,814","39,845","100,936","155,596"
Pennsville township,2015,"15,052","12,929","51,249","79,231"
Holmdel township,2020,"18,028","38,558","99,064","155,650"
Belvidere town,2020,"2,332","2,097","15,781","20,210"
Pemberton township,2015,"27,052","24,119","89,920","141,091"
Totowa borough,2015,"9,018","24,074","71,620","104,712"
Denville township,2015,"16,235","28,425","87,529","132,189"
Logan township,2020,739,"4,742","83,100","88,581"
Pemberton township,2020,"22,022","21,261","103,525","146,809"
Eatontown borough,2020,"10,504","11,843","130,566","152,914"
Medford township,2020,"23,403","36,191","98,093","157,687"
Raritan borough,2015,"5,496","12,050","94,879","112,424"
Florham Park borough,2015,"11,668","25,078","84,876","121,621"
Tinton Falls borough,2015,"15,231","27,575","79,142","121,947"
Oldmans township,2020,"1,597","1,218","44,407","47,222"
Lindenwold borough,2020,"13,777","13,084","46,283","73,144"
Raritan township,2015,"21,989","32,130","50,132","104,250"
East Rutherford borough,2015,"6,736","12,151","76,658","95,546"
Clark township,2020,"11,665","38,467","66,607","116,739"
Brielle borough,2020,"5,931","116,425","15,804","138,160"
Springfield township,2020,"11,849","27,076","92,904","131,829"
Holmdel township,2015,"20,632","39,909","72,538","133,079"
Phillipsburg town,2020,"9,970","28,465","35,633","74,068"
City of Orange township,2020,"13,751","33,784","69,856","117,391"
Jefferson township,2020,"19,045","7,668","88,682","115,395"
Montgomery township,2020,"19,516","42,245","73,428","135,189"
Long Branch city,2020,"22,326","4,848","113,694","140,867"
City of Orange township,2015,"14,623","35,491","57,105","107,219"
Readington township,2015,"18,745","24,675","76,541","119,961"
West Caldwell township,2020,"8,412","21,817","82,845","113,074"
Eatontown borough,2015,"12,275","14,623","74,987","101,886"
Garfield city,2015,"16,589","42,977","60,744","120,310"
Maplewood township,2015,"17,328","49,620","53,028","119,976"
Lodi borough,2020,"13,509","26,929","83,288","123,726"
Jefferson township,2015,"21,103","7,104","78,031","106,238"
Red Bank borough,2020,"8,253","14,293","96,960","119,506"
Tinton Falls borough,2020,"13,454",813,"117,741","132,009"
Maplewood township,2020,"15,739","45,207","62,449","123,394"
Upper township,2020,"12,120","9,560","115,433","137,112"
Wyckoff township,2020,"16,223","47,028","75,024","138,275"
Medford township,2015,"27,859","14,858","82,970","125,686"
Springfield township,2015,"14,195","31,327","66,900","112,423"
Berkeley heights township,2015,"11,468","28,623","49,415","89,506"
Somerville borough,2020,"7,502","14,653","97,024","119,179"
Franklin Lakes borough,2015,"17,827","48,156","63,561","129,544"
Ramsey borough,2020,"12,152","33,659","75,498","121,309"
Vernon township,2015,"8,338","6,801","78,909","94,048"
Wyckoff township,2015,"18,823","49,926","64,142","132,890"
Scotch Plains township,2015,"22,534","40,287","63,134","125,956"
Franklin Lakes borough,2020,"15,841","45,797","71,973","133,611"
Saddle Brook township,2020,"9,666","21,925","78,568","110,158"
Neptune township,2015,"24,236","45,490","12,818","82,543"
Stafford township,2020,"26,559","2,629","85,329","114,517"
Robbinsville township,2020,"12,296","21,002","72,485","105,782"
Metuchen borough,2020,"10,141","42,330","57,766","110,237"
Readington township,2020,"16,475","25,840","66,983","109,298"
Upper township,2015,"15,209","9,152","97,755","122,117"
South Orange Village township,2015,"13,794","39,489","60,307","113,590"
Pequannock township,2020,"11,096","26,742","78,161","116,000"
Ramsey borough,2015,"14,147","36,549","80,747","131,443"
Bergenfield borough,2020,"15,567","37,268","75,017","127,852"
Pequannock township,2015,"13,296","28,655","68,652","110,603"
West Caldwell township,2015,"9,630","24,205","58,359","92,194"
Pleasantville city,2020,"10,322","21,435","83,225","114,981"
Little Falls township,2020,"8,440","18,324","61,014","87,778"
Sparta township,2020,"20,393","11,161","68,149","99,702"
Lower township,2015,"27,373","27,387","45,066","99,826"
Vernon township,2020,"7,039","12,266","69,988","89,293"
Rutherford borough,2020,"11,515","28,004","66,992","106,510"
Lacey township,2020,"25,631","7,089","90,315","123,035"
Hawthorne borough,2020,"12,759","33,780","74,922","121,461"
Somerville borough,2015,"7,903","16,228","76,202","100,334"
Weehawken township,2015,"9,961","15,900","47,746","73,607"
Ocean City city,2015,"32,137","43,195","40,894","116,226"
Roselle borough,2020,"11,439","43,816","55,939","111,194"
Red Bank borough,2015,"9,958","16,278","60,214","86,450"
Hillside township,2015,"12,996","32,013","57,663","102,672"
Washington township,2020,"17,713","32,566","58,391","108,669"
Dover town,2020,"8,955","19,532","82,403","110,890"
Mantua township,2015,"31,938","23,946","56,662","112,546"
Middlesex borough,2020,"8,805","18,884","84,609","112,298"
Bergenfield borough,2015,"17,577","42,590","55,225","115,392"
Berkeley heights township,2020,"9,946","25,714","64,235","99,895"
Cinnaminson township,2020,"13,345","24,383","71,852","109,580"
Rutherford borough,2015,"13,230","32,263","46,818","92,311"
Pleasantville city,2015,"13,038","34,669","50,104","97,812"
Sparta township,2015,"22,729","5,651","64,216","92,595"
Lodi borough,2015,"15,724","29,842","51,336","96,902"
Lower township,2020,"20,828","25,436","54,498","100,762"
Hawthorne borough,2015,"14,539","36,777","55,143","106,459"
Mantua township,2020,"25,878","20,729","71,242","117,850"
Washington township,2015,"20,229","19,531","58,239","97,998"
Little Falls township,2015,"9,636","20,878","44,171","74,685"
Oakland borough,2020,"10,215","26,889","76,289","113,393"
Franklin township,2015,"15,168","12,167","69,766","97,101"
Maple Shade township,2020,"13,315","19,181","64,767","97,263"
Saddle Brook township,2015,"11,173","24,499","53,559","89,231"
Freehold borough,2020,"6,348","14,317","42,253","62,919"
Harrison township,2020,"14,632","21,832","64,452","100,916"
South Orange Village township,2020,"12,558","36,294","54,335","103,186"
Cinnaminson township,2015,"15,377","27,479","54,735","97,591"
Florence township,2020,"9,374","15,806","70,314","95,495"
Phillipsburg town,2015,"10,833","15,980","41,471","68,284"
Hazlet township,2015,"16,460","29,461","54,456","100,377"
Maple Shade township,2015,"15,427","22,148","51,577","89,151"
North Plainfield borough,2020,"11,025","25,044","68,259","104,328"
Barnegat township,2015,"22,904","37,117","50,871","110,892"
Madison borough,2020,2,"30,173","81,661","111,836"
Robbinsville township,2015,"13,670","21,754","50,645","86,069"
Oakland borough,2015,"11,877","29,428","57,868","99,174"
Raritan borough,2020,"4,907","10,972","62,124","78,002"
Aberdeen township,2020,"13,295","26,379","73,388","113,063"
Somers Point city,2015,"9,133","13,319","44,325","66,778"
Dover town,2015,"10,279","20,896","59,806","90,981"
Point Pleasant borough,2020,"16,625","32,683","59,680","108,988"
Franklin township,2020,"11,818","13,145","73,039","98,003"
Kenilworth borough,2015,"6,176","11,504","78,918","96,598"
Madison borough,2015,NDA,"33,796","67,184","100,980"
Cranbury township,2020,"3,887","7,537","57,023","68,447"
Cliffside Park borough,2020,"15,969","24,940","50,255","91,164"
Bordentown township,2020,"8,219","14,617","72,011","94,847"
Delran township,2015,"14,967","22,069","50,587","87,623"
Hazlet township,2020,"13,339","8,485","82,436","104,260"
Freehold borough,2015,"7,237","14,449","29,592","51,278"
Delran township,2020,"12,877","19,439","61,415","93,731"
Middlesex borough,2015,"10,220","21,494","51,125","82,839"
Ocean City city,2020,"27,755","35,336","34,803","97,894"
Point Pleasant borough,2015,"18,945","36,429","43,821","99,195"
Clark township,2015,"13,256","22,220","48,160","83,636"
Neptune City borough,2015,"3,950","6,177","94,483","104,610"
Clinton township,2015,"14,357","11,946","57,729","84,032"
Barnegat township,2020,"20,358","40,326","44,052","104,736"
Somers Point city,2020,"7,429","11,395","50,558","69,382"
New Providence borough,2020,"9,820","23,646","65,095","98,561"
Tenafly borough,2015,"15,346","40,017","41,143","96,507"
New Hanover township,2015,"3,855","3,891","22,356","30,102"
Palisades Park borough,2020,"10,558","22,773","56,558","89,889"
Salem city,2015,"9,157","4,112","15,357","28,625"
Pennsville township,2020,"11,325","11,152","51,734","74,211"
Montvale borough,2015,"8,313","20,251","39,934","68,498"
Colts Neck township,2020,"14,843","27,846","56,733","99,422"
Teterboro borough,2020,43,76,"82,180","82,299"
Bedminster township,2015,"9,000","12,970","61,448","83,418"
Cranbury township,2015,"4,444","8,189","46,112","58,745"
Cliffside Park borough,2015,"18,013","26,438","35,444","79,896"
Bellmawr borough,2020,"7,998","13,702","53,592","75,293"
Weehawken township,2020,"10,227","13,946","33,024","57,197"
New Hanover township,2020,"3,013","3,324","35,664","42,000"
Colts Neck township,2015,"17,236","28,464","48,303","94,003"
Flemington borough,2020,"3,726","7,842","54,631","66,199"
New Providence borough,2015,"11,653","26,495","49,356","87,503"
Aberdeen township,2015,"14,820","28,223","49,605","92,647"
North Plainfield borough,2015,"12,615","26,741","42,659","82,015"
Harrison town,2015,"7,098","17,717","48,263","73,079"
Harrison township,2015,"17,919","24,863","43,971","86,753"
Westampton township,2020,"7,501","9,545","60,256","77,302"
Little Egg Harbor township,2020,"14,022","15,709","46,922","76,652"
Metuchen borough,2015,"11,096","23,811","49,054","83,961"
Haddon township,2020,"10,807","19,587","47,057","77,451"
Tenafly borough,2020,"13,721","36,665","41,253","91,638"
Cedar Grove township,2020,"9,872","23,813","49,031","82,715"
Florence township,2015,"10,932","18,388","40,620","69,940"
Roseland borough,2015,"6,155","14,333","47,542","68,030"
Haddon township,2015,"11,894","22,186","35,187","69,267"
Bedminster township,2020,"7,180","10,906","62,329","80,415"
Roselle borough,2015,"11,960","25,896","36,018","73,875"
Lumberton township,2020,"10,076","15,369","58,217","83,663"
Cedar Grove township,2015,"11,082","27,094","37,045","75,221"
New Milford borough,2020,"10,596","23,449","51,117","85,161"
Bordentown township,2015,"9,621","16,825","52,291","78,737"
Mountainside borough,2020,"6,603","21,930","57,670","86,203"
Verona township,2015,"10,890","27,133","39,510","77,534"
Lumberton township,2015,"12,025","17,665","45,027","74,717"
Asbury Park city,2020,"8,410","13,319","48,790","70,520"
North Arlington borough,2020,"8,900","21,741","49,919","80,560"
Little Egg Harbor township,2015,"14,840","28,202","44,304","87,345"
Verona township,2020,"9,688","24,730","44,875","79,293"
Edgewater borough,2020,"10,425","9,451","49,707","69,582"
Roseland borough,2020,"5,328","13,037","56,147","74,512"
Asbury Park city,2015,"9,009","17,889","33,448","60,346"
Dumont borough,2020,"10,871","26,497","49,127","86,495"
Palisades Park borough,2015,"11,367","23,780","31,975","67,123"
Hackettstown town,2015,"7,976","9,166","49,284","66,426"
Woodbury city,2020,"7,183","12,006","55,299","74,488"
Westampton township,2015,"9,025","10,901","44,037","63,963"
Rockaway borough,2020,"4,558","8,511","57,908","70,976"
Mount Holly township,2020,"6,919","12,829","50,890","70,639"
Dumont borough,2015,"12,602","30,713","37,770","81,085"
Woodland Park borough,2020,"8,666","18,521","47,416","74,604"
Englewood Cliffs borough,2015,"6,624","19,955","40,939","67,517"
Moonachie borough,2020,"1,888","3,852","52,509","58,249"
New Milford borough,2015,"12,129","26,942","35,883","74,954"
Montvale borough,2020,"7,390","19,043","35,847","62,280"
Watchung borough,2020,"6,575","16,207","45,311","68,093"
Upper Saddle River borough,2015,"11,290","33,309","40,123","84,723"
Woodbury city,2015,"8,130","12,836","44,592","65,558"
Millstone township,2015,"14,343","24,734","35,666","74,743"
Ridgefield Park village,2020,"7,027","16,652","44,337","68,017"
Berlin borough,2020,"8,649","13,135","34,711","56,495"
Mullica township,2020,"4,558","3,082","66,983","74,623"
Lincoln Park borough,2015,"8,562","16,542","48,656","73,761"
Dennis township,2020,"5,675","10,371","61,098","77,144"
Edgewater borough,2015,"11,324","9,752","37,503","58,578"
Mullica township,2015,"6,049","3,070","64,425","73,544"
Lincoln Park borough,2020,"7,293","15,208","53,594","76,095"
Bellmawr borough,2015,"9,391","15,788","36,176","61,355"
Hopatcong borough,2015,"15,584",NDA,"46,307","61,891"
Haddonfield borough,2020,"11,490","21,912","48,120","81,523"
Absecon city,2015,"9,382","14,589","46,725","70,696"
Newton town,2020,"5,632","10,647","39,085","55,364"
Watchung borough,2015,"7,464","17,526","36,427","61,417"
Woodland Park borough,2015,"9,895","20,372","33,328","63,596"
Westwood borough,2020,"7,830","17,620","46,241","71,690"
Wanaque borough,2020,"7,866","18,241","47,295","73,403"
Carneys Point township,2020,"4,560","6,054","62,670","73,284"
Boonton Town,2020,"5,843","14,387","53,780","74,011"
Mount Holly township,2015,"7,808","14,331","40,912","63,051"
Harrison town,2020,"8,899","16,203","36,287","61,389"
North Arlington borough,2015,"10,198","23,935","31,643","65,776"
Morris Plains borough,2020,"4,632","11,825","49,978","66,435"
South River borough,2020,NDA,"22,802","55,335","78,138"
Waterford township,2015,"13,796","15,420","36,679","65,895"
Little Ferry borough,2020,"6,492","11,674","41,249","59,415"
Collingswood borough,2020,"8,912","16,984","41,439","67,336"
Carneys Point township,2015,"5,515","7,644","55,748","68,907"
Dennis township,2015,"7,530","11,437","47,143","66,111"
Haddonfield borough,2015,"12,980","24,949","34,756","72,684"
Wharton borough,2020,"4,795","7,100","39,676","51,571"
Ridgefield Park village,2015,"7,994","18,639","32,049","58,681"
Morris Plains borough,2015,"5,119","12,928","37,773","55,820"
Hasbrouck Heights borough,2020,"7,973","18,542","44,658","71,172"
Westwood borough,2015,"8,987","19,440","33,572","61,999"
Upper Saddle River borough,2020,"9,905","30,713","39,073","79,691"
Northfield city,2015,"7,946","15,243","44,998","68,187"
Flemington borough,2015,"3,895","4,241","60,826","68,963"
Glen Rock borough,2020,"9,363","25,762","39,878","75,004"
Waterford township,2020,"11,013","13,944","42,569","67,526"
Glen Rock borough,2015,"10,751","28,997","31,391","71,139"
Highland Park borough,2020,"8,597","16,229","41,875","66,701"
Berlin borough,2015,"10,743","15,057","30,491","56,291"
Gloucester City city,2020,"7,828","13,467","42,994","64,290"
Kinnelon borough,2020,234,"30,978","34,978","66,191"
West Long Branch borough,2020,"6,611","13,565","52,864","73,040"
Bernardsville borough,2015,"11,784","19,677","32,798","64,258"
Keansburg borough,2020,"5,990","47,853","19,665","73,507"
Collingswood borough,2015,"9,873","19,411","30,841","60,125"
Moonachie borough,2015,"2,229","4,452","31,629","38,310"
Mansfield township,2015,"9,371","22,063","30,838","62,272"
Ringwood borough,2020,"9,812","19,297","40,711","69,819"
Woolwich township,2020,11,"15,621","61,595","77,227"
Bound Brook borough,2020,"6,134","13,908","50,104","70,146"
Roselle Park borough,2020,"7,397","24,976","32,801","65,174"
Bernardsville borough,2020,"10,159","19,955","34,946","65,060"
Pompton Lakes borough,2020,"7,988","18,465","40,549","67,003"
Burlington city,2015,"7,514","15,804","32,589","55,907"
Chatham township,2015,"11,900","24,349","33,832","70,081"
Spotswood borough,2015,"7,296","11,920","24,593","43,810"
Wanaque borough,2015,"8,620","19,613","32,180","60,413"
West Long Branch borough,2015,"7,429","14,824","34,959","57,212"
Ventnor City city,2015,"11,178","24,181","9,854","45,213"
Little Ferry borough,2015,"7,773","13,271","27,585","48,630"
Ringwood borough,2015,"11,248","20,790","30,806","62,844"
Long Hill township,2020,"7,721","16,466","44,685","68,872"
Highland Park borough,2015,"9,210","17,788","30,772","57,769"
Gloucester City city,2015,"8,629","14,447","32,400","55,475"
Runnemede borough,2020,"5,988","9,082","32,112","47,182"
Hasbrouck Heights borough,2015,"9,404","21,201","28,538","59,142"
Long Hill township,2015,"8,982","17,976","39,093","66,051"
Woodcliff Lake borough,2015,"7,140","19,477","30,378","56,995"
Swedesboro borough,2015,"19,258","3,162","11,773","34,194"
Pine Beach borough,2020,"1,939","42,633","5,289","49,860"
Runnemede borough,2015,"7,037","10,438","23,869","41,344"
Pompton Lakes borough,2015,"9,233","20,672","29,583","59,488"
Millstone township,2020,"12,266","24,516","27,584","64,365"
Burlington city,2020,"6,675","13,624","39,136","59,436"
Pittsgrove township,2015,"3,614","7,519","40,103","51,235"
Matawan borough,2015,"9,438","17,915","33,393","60,746"
Wharton borough,2015,"5,549","7,800","23,236","36,585"
Teterboro borough,2015,281,87,"42,477","42,845"
Matawan borough,2020,"8,117","11,998","44,453","64,568"
River Edge borough,2020,"7,652","18,238","40,450","66,340"
Mansfield township,2020,"7,638","14,393","42,237","64,268"
Hopatcong borough,2020,"14,355",NDA,"36,290","50,646"
Spotswood borough,2020,"6,145","10,535","30,481","47,161"
Maywood borough,2020,"6,001","14,340","34,571","54,912"
Wallington borough,2020,"5,969","13,351","47,185","66,504"
Southampton township,2015,"15,024","5,513","33,212","53,748"
Englewood Cliffs borough,2020,"5,806","18,203","30,928","54,938"
Maywood borough,2015,"7,077","16,219","23,166","46,463"
Upper Deerfield township,2015,"3,274","4,081","31,835","39,190"
Waldwick borough,2020,"6,872","17,814","40,423","65,109"
South River borough,2015,NDA,"25,078","41,834","66,912"
Southampton township,2020,"12,201","5,394","40,153","57,748"
Chatham township,2020,"10,226","22,842","33,127","66,195"
Chatham borough,2020,"6,711","17,258","40,480","64,450"
Upper Deerfield township,2020,"2,467","4,462","35,637","42,566"
Waldwick borough,2015,"7,676","19,859","30,963","58,498"
Hillsdale borough,2020,"8,152","21,381","36,911","66,444"
Northfield city,2020,"6,192","13,025","44,609","63,826"
Swedesboro borough,2020,"15,685","2,858","13,641","32,185"
Fairview borough,2020,"6,351","14,972","35,819","57,142"
Chatham borough,2015,"7,682","19,424","32,488","59,594"
Rockaway borough,2015,"5,579","8,585","36,297","50,461"
Newton town,2015,"6,430","6,212","28,243","40,884"
Closter borough,2015,"8,504","23,200","29,760","61,464"
Clayton borough,2015,"7,487","10,888","33,880","52,255"
Mountainside borough,2015,"7,469","13,641","36,018","57,128"
Bound Brook borough,2015,"6,684","15,740","33,918","56,343"
Pittsgrove township,2020,"2,962","7,249","40,504","50,716"
Long Beach township,2020,"11,992","41,350","9,965","63,307"
Closter borough,2020,"7,305","20,927","32,435","60,668"
Hillsdale borough,2015,"9,307","23,730","27,242","60,279"
Washington township,2015,"7,189","8,096","29,242","44,527"
Rochelle Park township,2020,"3,767","8,894","41,779","54,441"
Woodcliff Lake borough,2020,"6,265","18,250","31,322","55,836"
Mansfield township,2020,"5,668","8,824","22,712","37,204"
Salem city,2020,"7,155","3,662","15,387","26,205"
Ventnor City city,2020,"9,659","18,974","10,549","39,182"
Oradell borough,2020,"6,598","17,551","37,219","61,368"
Fairview borough,2015,"7,127","15,755","23,631","46,513"
River Edge borough,2015,"8,644","20,488","26,752","55,884"
Green Brook township,2020,"5,815","13,317","39,108","58,240"
Clayton borough,2020,"6,106","9,803","37,362","53,271"
Midland Park borough,2020,"4,983","13,856","40,633","59,472"
Allendale borough,2015,"7,179","19,302","27,772","54,253"
Wantage township,2020,"3,260","1,071","27,342","31,673"
Chester township,2015,"11,231","16,899","29,397","57,527"
River Vale township,2015,"9,880","24,442","28,038","62,360"
Wood-Ridge borough,2020,"7,006","14,833","31,878","53,717"
High Bridge borough,2020,"3,523","3,620","13,770","20,914"
Pitman borough,2015,"8,432","13,664","27,604","49,699"
Island Heights borough,2015,"19,286","3,868","3,684","26,837"
Kinnelon borough,2015,292,"17,859","37,997","56,147"
Brigantine city,2015,"15,486","22,780","9,751","48,017"
Absecon city,2020,"7,757","13,307","32,488","53,552"
Manville borough,2020,"6,344","15,189","38,590","60,123"
Cresskill borough,2015,"8,874","23,879","26,920","59,673"
Allendale borough,2020,"6,340","18,032","30,926","55,298"
River Vale township,2020,"8,533","22,044","31,619","62,197"
Linwood city,2015,"8,641","14,674","33,817","57,132"
Berlin township,2015,"6,577","6,607","30,530","43,714"
Berlin township,2020,"5,442","6,547","37,450","49,439"
Lopatcong township,2020,"6,760","17,521","24,865","49,146"
Hardyston township,2020,"6,851","12,813","28,463","48,127"
Oradell borough,2015,"7,887","20,061","27,863","55,810"
Upper Pittsgrove township,2015,"4,831",983,"30,312","36,126"
Upper Freehold township,2015,"7,517","11,085","35,295","53,897"
Wantage township,2015,"3,179",533,"29,934","33,647"
Shrewsbury borough,2020,"3,760","7,937","42,554","54,251"
Cresskill borough,2020,"7,953","21,733","29,084","58,769"
Oceanport borough,2020,"5,335","11,849","40,861","58,045"
Chesterfield township,2015,"5,397","6,652","20,391","32,440"
Mansfield township,2015,"6,540","5,361","22,965","34,867"
Rochelle Park township,2015,"4,364","9,781","27,835","41,980"
Washington township,2015,"9,394","22,557","20,742","52,692"
Medford Lakes borough,2015,"4,369","35,361","10,792","50,523"
Boonton township,2015,"5,599","4,007","40,562","50,168"
Woolwich township,2015,4,"15,721","40,735","56,461"
Pennington borough,2020,"2,374","8,451","15,650","26,475"
South Amboy city,2020,"7,983","13,781","29,786","51,551"
Saddle River borough,2020,"8,334","21,678","30,662","60,675"
Pitman borough,2020,"6,978","11,794","30,554","49,327"
Midland Park borough,2015,"5,733","15,213","29,432","50,378"
Chester township,2020,"9,521","16,488","28,689","54,697"
Caldwell borough,2020,"4,928","12,074","30,893","47,895"
Stratford borough,2015,"5,744","9,660","26,953","42,356"
Washington township,2020,"7,950","20,065","28,217","56,232"
Emerson borough,2020,"5,587","13,748","34,427","53,762"
Hardyston township,2015,"7,801","6,951","23,479","38,230"
Lopatcong township,2015,"6,945","9,508","32,712","49,165"
Caldwell borough,2015,"5,561","13,465","23,907","42,933"
Wood-Ridge borough,2015,"7,197","15,810","19,015","42,023"
Ocean township,2015,"9,271","17,293","25,003","51,567"
Plumsted township,2015,"9,631","7,040","28,589","45,260"
Clinton town,2020,"2,621","5,469","22,978","31,068"
Washington borough,2020,"5,227","13,338","21,038","39,603"
Haledon borough,2020,"4,339","12,640","20,002","36,981"
Washington township,2020,"6,367","8,689","29,333","44,389"
Ocean township,2020,"8,235","20,608","23,295","52,137"
Saddle River borough,2015,"10,042","23,544","24,873","58,459"
Wallington borough,2015,"6,796","15,471","23,809","46,076"
Pilesgrove township,2020,785,"2,163","47,252","50,200"
Rumson borough,2020,"10,838","23,374","20,985","55,196"
North Haledon borough,2020,"6,952","18,992","26,439","52,382"
Audubon borough,2015,"7,512","14,080","22,619","44,211"
Roselle Park borough,2015,"8,149","15,282","20,369","43,800"
Manville borough,2015,"7,364","16,395","22,892","46,651"
Riverdale borough,2020,"3,129","6,198","30,913","40,240"
Audubon borough,2020,"6,558","12,390","28,376","47,323"
South Amboy city,2015,"8,869","14,604","22,566","46,039"
Brigantine city,2020,"12,933","19,008","11,094","43,035"
Mendham township,2015,"10,114","20,919","22,351","53,384"
Rumson borough,2015,"12,081","23,590","16,906","52,578"
Margate City city,2015,"12,287","25,845","8,686","46,819"
Keyport borough,2020,"4,908","9,084","34,019","48,011"
Maurice River township,2020,"2,035","1,598","41,814","45,447"
Buena Vista township,2015,"9,676","7,013","20,593","37,282"
Medford Lakes borough,2020,"3,821","32,284","11,338","47,442"
Riverdale borough,2015,"3,924","6,892","28,689","39,504"
Butler borough,2020,3,"13,555","37,062","50,620"
Maurice River township,2015,"2,700","1,920","31,743","36,363"
Boonton Town,2015,"6,282","15,142","15,422","36,846"
Leonia borough,2015,"6,209","16,905","19,555","42,668"
Hainesport township,2020,"5,483","7,834","29,663","42,981"
Butler borough,2015,2,"14,721","34,734","49,458"
Tabernacle township,2020,"7,506","4,771","24,897","37,174"
Frankford township,2020,"3,880","1,617","24,971","30,468"
Andover township,2020,"5,876","2,369","20,623","28,868"
Pilesgrove township,2015,820,821,"40,981","42,621"
Tabernacle township,2015,"9,072","3,549","21,672","34,293"
North Haledon borough,2015,"7,937","20,522","19,926","48,386"
Haledon borough,2015,"4,819","17,662","14,510","36,991"
Haddon Heights borough,2020,"6,025","11,435","30,285","47,745"
Glen Ridge borough,2015,"6,683","18,934","12,691","38,307"
Union Beach borough,2020,"4,064","12,008","33,715","49,787"
Hainesport township,2015,"6,555","8,823","23,955","39,332"
Milltown borough,2020,23,"11,974","40,338","52,335"
Pine Hill borough,2015,"9,936","10,847","23,036","43,819"
Plumsted township,2020,"8,012","6,078","22,039","36,128"
Beachwood borough,2020,"8,196","16,299","25,241","49,735"
Edgewater Park township,2015,"7,058","12,540","23,402","43,000"
Tewksbury township,2015,"10,121","9,469","25,883","45,473"
Pine Hill borough,2020,"8,107","10,771","28,913","47,791"
Barrington borough,2020,"5,138","8,155","27,459","40,752"
Linwood city,2020,"7,951","13,222","23,844","45,017"
Folsom borough,2015,"1,160","1,366","45,039","47,565"
Leonia borough,2020,"5,445","14,937","23,441","43,823"
Buena Vista township,2020,"7,448","6,669","22,882","37,000"
Edgewater Park township,2020,"6,030","10,962","28,441","45,433"
Emerson borough,2015,"6,448","15,423","21,950","43,821"
Point Pleasant Beach borough,2020,"5,734","10,988","25,455","42,177"
Tewksbury township,2020,"8,830","9,383","25,397","43,610"
Greenwich township,2015,"5,229","7,830","24,855","37,914"
Lambertville city,2015,"4,452","5,340","33,331","43,123"
Washington borough,2015,"5,725","8,096","22,458","36,279"
Bloomingdale borough,2020,39,"11,498","30,785","42,322"
Park Ridge borough,2020,1,"18,765","28,093","46,859"
Barrington borough,2015,"5,898","9,340","20,214","35,452"
Stratford borough,2020,"4,693","8,247","23,877","36,817"
Park Ridge borough,2015,2,"20,728","24,547","45,277"
Lebanon township,2015,"7,449",284,"19,000","26,733"
Haddon Heights borough,2015,"6,812","12,995","22,398","42,205"
Bass River township,2020,"1,180","27,465","9,419","38,064"
Mendham borough,2020,"5,534","14,425","24,942","44,901"
Little Silver borough,2020,"6,707","13,768","24,120","44,595"
Margate City city,2020,"10,815","20,171","11,539","42,525"
Harvey Cedars borough,2020,"2,193","26,911","1,555","30,659"
Oceanport borough,2015,"5,887","12,335","25,132","43,354"
Beachwood borough,2015,"9,655","14,727","20,165","44,547"
Keyport borough,2015,"5,861","10,093","20,670","36,624"
Byram township,2015,"9,267",NDA,"22,538","31,806"
Haworth borough,2020,"3,180","9,394","13,647","26,220"
Glen Ridge borough,2020,"5,960","17,082","12,477","35,518"
Buena borough,2015,"3,900","6,283","32,062","42,245"
Haworth borough,2015,"3,538","10,511","10,000","24,049"
Frankford township,2015,"4,135",365,"22,813","27,313"
Hightstown borough,2015,"4,014","9,611","20,027","33,651"
Mendham township,2020,"8,604","19,934","17,750","46,288"
Somerdale borough,2015,"4,519","8,976","15,248","28,743"
Fanwood borough,2020,"5,485","17,852","21,595","44,932"
Chesterfield township,2020,"5,033","7,038","23,885","35,956"
Mountain Lakes borough,2015,"5,076","12,432","23,214","40,721"
Woodstown borough,2020,"6,864","3,849","8,162","18,875"
Mountain Lakes borough,2020,"4,398","11,785","27,131","43,314"
Mount Arlington borough,2020,"4,665","5,360","27,955","37,981"
Point Pleasant Beach borough,2015,"5,936","12,212","15,895","34,043"
Beach Haven borough,2020,"7,913","30,550","3,661","42,125"
Greenwich township,2020,"4,654","13,702","15,890","34,246"
North Caldwell borough,2015,"8,575","22,052","13,650","44,276"
Guttenberg town,2015,"4,462","7,917","16,601","28,980"
Mannington township,2015,"1,331",302,"10,460","12,093"
Manasquan borough,2015,"7,187","14,645","17,831","39,663"
Folsom borough,2020,903,"1,578","38,698","41,178"
Somerdale borough,2020,"3,798","7,694","20,450","31,942"
Little Silver borough,2015,"8,045","14,394","16,837","39,276"
Old Tappan borough,2015,"7,432","19,205","17,813","44,451"
Byram township,2020,"8,031",NDA,"19,710","27,741"
Keansburg borough,2015,"6,393","12,152","20,995","39,540"
Franklin borough,2020,"4,133","1,646","23,301","29,080"
Harding township,2015,"8,671","17,680","14,358","40,709"
Woodstown borough,2015,"8,634","4,340","6,838","19,812"
Hightstown borough,2020,"3,468","8,530","22,488","34,486"
Lebanon township,2020,"6,750",514,"19,201","26,465"
Manasquan borough,2020,"6,751","13,175","19,391","39,317"
Buena borough,2020,"2,936","5,508","32,103","40,548"
Upper Pittsgrove township,2020,"3,838","1,100","33,806","38,745"
White township,2020,"4,301","4,405","16,038","24,743"
Riverside township,2015,"6,188","10,927","16,935","34,050"
Palmyra borough,2015,"6,471","10,638","18,368","35,477"
Wildwood city,2015,"9,272","9,838","2,782","21,893"
Northvale borough,2020,"3,272","9,292","17,332","29,897"
Norwood borough,2015,"5,483","15,572","15,863","36,919"
Green Brook township,2015,"6,684","15,205","10,108","31,997"
Union township,2015,"6,387","2,848","20,224","29,460"
Shamong township,2015,"8,450","7,701","18,779","34,930"
Blairstown township,2015,"7,287",NDA,"19,785","27,072"
North Caldwell borough,2020,"7,539","20,229","13,204","40,972"
Hampton township,2015,"5,557","1,743","16,952","24,253"
Palmyra borough,2020,"5,781","9,693","22,489","37,963"
Upper Freehold township,2020,"7,918","11,082","12,323","31,323"
Belmar borough,2020,"5,832","10,973","19,699","36,504"
Greenwich township,2020,"3,814","1,910","28,471","34,195"
Harding township,2020,"7,404","17,586","13,658","38,648"
Mendham borough,2015,"6,506","15,425","14,923","36,854"
Andover township,2015,"6,783","1,287","20,502","28,572"
Chester borough,2020,"1,681","4,436","29,174","35,291"
Mount Arlington borough,2015,"4,853","4,807","23,505","33,164"
Shamong township,2020,"6,775","7,225","21,676","35,677"
Jamesburg borough,2015,"5,555","8,372","22,192","36,120"
Belmar borough,2015,"6,358","12,191","14,078","32,627"
Hampton township,2020,"4,819","2,854","18,412","26,085"
Riverside township,2020,"5,357","9,883","19,096","34,336"
Egg Harbor City city,2015,"4,951","5,526","19,831","30,308"
Bethlehem township,2015,"4,669",262,"27,267","32,198"
Garwood borough,2020,"2,875","9,593","21,118","33,586"
Jamesburg borough,2020,"4,653","7,555","24,641","36,849"
Northvale borough,2015,"3,628","10,524","8,853","23,004"
Cape May City,2015,"8,296","10,056","3,595","21,947"
Blairstown township,2020,"6,342",NDA,"21,559","27,902"
White township,2015,"5,102","2,753","18,423","26,278"
Union township,2020,"5,469","5,097","15,309","25,875"
Dunellen borough,2020,"4,218","10,347","20,353","34,918"
Clementon borough,2015,"12,737","5,485","12,540","30,762"
Allamuchy township,2020,"4,531","12,743","16,085","33,358"
Pohatcong township,2020,"3,131","1,020","20,428","24,579"
Wrightstown borough,2020,820,624,"32,854","34,299"
Holland township,2015,"6,237",936,"19,453","26,626"
Guttenberg town,2020,"3,922","7,114","13,672","24,709"
Bogota borough,2020,"4,556","11,518","16,941","33,015"
South Hackensack township,2015,"1,693","4,012","3,670","9,375"
Norwood borough,2020,"4,723","14,018","14,575","33,316"
Clinton town,2015,"2,916","2,936","26,463","32,315"
Egg Harbor City city,2020,"4,051","5,253","19,768","29,072"
Greenwich township,2015,"4,720","2,011","22,019","28,750"
Old Tappan borough,2020,"6,378","17,554","12,269","36,201"
Avalon borough,2020,"11,455","15,049","7,037","33,541"
Green township,2015,"4,855",NDA,"27,231","32,086"
Mannington township,2020,975,245,"17,120","18,340"
Dunellen borough,2015,"4,797","11,096","14,999","30,892"
Neptune City borough,2020,"3,369","5,632","17,295","26,296"
Wildwood Crest Borough,2015,"8,078","11,528","2,215","21,821"
Bloomingdale borough,2015,33,"12,704","21,858","34,595"
Avalon borough,2015,"11,492","15,651","4,469","31,613"
Beach Haven borough,2015,"7,935","21,388","3,288","32,611"
Bogota borough,2015,"5,111","12,835","12,229","30,175"
Holland township,2020,"5,416","1,644","15,299","22,359"
Netcong borough,2020,"2,320","2,025","25,332","29,677"
North Wildwood city,2015,"9,578","12,087","5,493","27,159"
Brielle borough,2015,"6,614","12,034","14,185","32,832"
Franklin borough,2015,"5,111",763,"16,758","22,633"
Franklin township,2020,"3,616",377,"20,446","24,439"
Magnolia borough,2020,"2,983","6,706","13,570","23,259"
Garwood borough,2015,"3,294","6,166","16,259","25,718"
Long Beach township,2015,"11,677","11,927","10,389","33,993"
Demarest borough,2015,"5,745","15,965","13,384","35,095"
Clementon borough,2020,"10,483","5,107","15,471","31,061"
Alexandria township,2015,"6,006",NDA,"19,086","25,092"
Milltown borough,2015,24,"13,643","19,567","33,235"
Sussex borough,2015,"1,975",980,"9,928","12,883"
Fair Haven borough,2020,"5,961","12,534","15,514","34,009"
Fanwood borough,2015,"6,135","11,525","14,184","31,843"
Independence township,2015,"5,882","4,054","15,805","25,742"
Magnolia borough,2015,"3,507","7,770","10,502","21,780"
Wildwood city,2020,"8,062","7,833","3,482","19,377"
Sussex borough,2020,"1,921","2,019","10,159","14,100"
Bethlehem township,2020,"4,089",474,"18,849","23,412"
Cape May City,2020,"7,012","8,184","5,686","20,881"
Boonton township,2020,"4,955","3,914","15,448","24,317"
Franklin township,2015,"4,015",194,"18,142","22,352"
Fair Haven borough,2015,"6,858","12,809","12,507","32,174"
Allamuchy township,2015,"5,251","7,584","18,071","30,906"
Penns Grove borough,2015,"6,629","6,276","5,529","18,434"
Tuckerton borough,2015,"7,260","7,613","8,524","23,396"
Lakehurst borough,2020,"1,844","6,744","10,930","19,518"
North Hanover township,2015,"4,827",377,"21,587","26,792"
Demarest borough,2020,"5,066","14,577","12,316","31,958"
Kingwood township,2015,"4,717",222,"16,680","21,619"
Ho-Ho-Kus borough,2015,"5,059","13,594","12,485","31,138"
Spring Lake Heights borough,2015,"5,447","8,556","14,353","28,355"
Stillwater township,2015,"5,151",NDA,"11,754","16,905"
Lawnside borough,2020,"2,252","3,774","17,876","23,903"
Spring Lake Heights borough,2020,"4,740","7,749","17,771","30,260"
Union Beach borough,2015,"4,613","8,532","12,829","25,974"
Peapack and Gladstone borough,2015,"3,440","4,477","16,716","24,633"
Chester borough,2015,"1,927","4,819","17,921","24,667"
Delaware township,2015,"6,377",641,"14,803","21,821"
South Toms River borough,2015,"15,249","4,422","5,803","25,473"
Independence township,2020,"4,762","6,592","13,531","24,886"
North Hanover township,2020,"3,933",420,"23,884","28,237"
Hamburg borough,2020,"3,193","5,612","13,869","22,675"
Harrington Park borough,2020,"3,972","11,413","17,570","32,954"
North Wildwood city,2020,"8,398","10,074","7,894","26,367"
Elk township,2020,873,"3,112","19,720","23,705"
Pohatcong township,2015,"3,672",516,"13,939","18,126"
Eastampton township,2015,"5,386","7,188","16,182","28,756"
Sea Isle City city,2015,"11,715","12,253","4,704","28,671"
Harrington Park borough,2015,"4,596","13,196","14,791","32,584"
Eastampton township,2020,"4,908","6,695","18,622","30,225"
Lakehurst borough,2015,"1,782","6,351","10,219","18,351"
Atlantic Highlands borough,2015,"4,832","9,761","11,515","26,108"
Ho-Ho-Kus borough,2020,"4,430","12,343","13,880","30,653"
Quinton township,2015,"2,411",10,"24,015","26,436"
Bordentown city,2015,"3,170","6,186","15,599","24,956"
Spring Lake borough,2015,"5,703","12,784","8,676","27,162"
Shrewsbury borough,2015,"4,615","8,597","4,421","17,634"
High Bridge borough,2015,"3,983","1,690","15,093","20,765"
Belvidere town,2015,"2,712",896,"16,752","20,360"
Bordentown city,2020,"2,830","5,471","18,437","26,738"
Port Republic city,2020,"1,378",52,"27,549","28,979"
Lambertville city,2020,"3,916","9,644","8,973","22,532"
Sea Isle City city,2020,"10,550","10,031","6,576","27,156"
Stillwater township,2020,"4,508",NDA,"11,419","15,927"
Commercial township,2020,"1,385","3,916","11,865","17,165"
Delanco township,2020,"3,779","6,526","14,107","24,413"
Peapack and Gladstone borough,2020,"2,965","4,641","15,926","23,533"
Springfield township,2020,"3,592","1,473","17,009","22,074"
East Amwell township,2015,"5,273","1,062","16,050","22,384"
Deerfield township,2015,"2,408","2,042","11,542","15,992"
Springfield township,2015,"4,295","1,783","13,050","19,129"
Knowlton township,2015,"3,706",NDA,"16,006","19,711"
Netcong borough,2015,"2,633","1,291","16,419","20,343"
Commercial township,2015,"1,949","4,807","9,712","16,468"
Lawnside borough,2015,"2,610","4,214","13,083","19,907"
Delaware township,2020,"5,636","1,206","8,556","15,397"
Elk township,2015,"1,101","2,323","16,383","19,808"
Lebanon borough,2020,"1,280","3,183","18,965","23,427"
Highlands borough,2020,"4,292","4,370","18,049","26,711"
Kingwood township,2020,"4,233",439,"10,966","15,638"
Fairfield township,2020,903,"2,100","18,497","21,500"
Spring Lake borough,2020,"5,609","9,973","8,667","24,250"
Shrewsbury township,2015,397,896,"26,276","27,569"
Mount Ephraim borough,2020,"3,397","5,785","16,143","25,325"
Alloway township,2020,"2,515",71,"13,638","16,224"
Delanco township,2015,"4,444","7,454","11,792","23,690"
Monmouth Beach borough,2020,"4,716","7,491","10,898","23,105"
Stanhope borough,2015,"4,102",NDA,"15,860","19,963"
Wildwood Crest Borough,2020,"6,880","9,160","2,780","18,820"
Port Republic city,2015,"1,916",51,"24,591","26,558"
Quinton township,2020,"1,819",7,"21,409","23,234"
Fairfield township,2015,"1,306","2,189","14,905","18,401"
Penns Grove borough,2020,"5,188","5,554","5,544","16,287"
Weymouth township,2015,"2,947",825,"20,877","24,649"
Bradley Beach borough,2020,"3,771","7,753","12,570","24,094"
South Hackensack township,2020,"1,374","3,445",NDA,"4,820"
Gibbsboro borough,2020,"1,818","3,411","14,464","19,693"
East Amwell township,2020,"4,524","1,941","10,391","16,856"
Lower Alloways Creek township,2015,652,NDA,"21,723","22,375"
Mount Ephraim borough,2015,"3,946","6,453","12,057","22,455"
Pennington borough,2015,"2,616","4,566","13,829","21,011"
Woodbury Heights borough,2020,"2,536","3,863","16,472","22,870"
Highlands borough,2015,"4,770","6,990","10,449","22,208"
Bradley Beach borough,2015,"4,144","8,896","8,593","21,634"
Monmouth Beach borough,2015,"5,072","8,006","8,687","21,765"
Downe township,2015,"1,783","1,153","2,862","5,798"
West Amwell township,2015,"3,595","1,250","12,962","17,807"
Estell Manor city,2020,"1,518",243,"15,276","17,037"
Tuckerton borough,2020,"5,783","5,015","7,934","18,733"
Alexandria township,2020,"5,381",NDA,"13,312","18,692"
Gibbsboro borough,2015,"2,236","3,970","9,350","15,557"
Oxford township,2020,"2,118","2,288","10,916","15,322"
Fredon township,2015,"3,933",415,"11,303","15,652"
Lafayette township,2020,"1,563",223,"14,429","16,214"
Franklin township,2020,"3,067","3,990","9,974","17,031"
Franklin township,2015,"3,615",763,"12,153","16,532"
Hamburg borough,2015,"3,835","2,984","11,604","18,422"
Lawrence township,2020,"2,114","1,177","12,481","15,773"
Knowlton township,2020,"3,077",NDA,"8,134","11,211"
Weymouth township,2020,"2,442",778,"19,386","22,606"
Hardwick township,2015,"1,855",NDA,"16,705","18,560"
Prospect Park borough,2020,"2,827","8,962","11,449","23,238"
Hopewell borough,2020,"1,493","5,198","11,002","17,692"
Alpine borough,2015,"5,311","12,648","6,379","24,338"
Woodbury Heights borough,2015,"2,958","4,479","11,480","18,917"
Deerfield township,2020,"1,968","2,112","11,187","15,268"
Alpha borough,2020,"1,880","3,613","10,510","16,003"
Fredon township,2020,"3,418",680,"10,461","14,558"
South Bound Brook borough,2020,"3,049","5,601","12,960","21,610"
Prospect Park borough,2015,"3,100","9,596","8,243","20,940"
Estell Manor city,2015,"2,000",257,"12,649","14,906"
Lafayette township,2015,"1,840",88,"11,963","13,891"
Mine Hill township,2020,"3,021","3,839","12,526","19,386"
Alloway township,2015,"3,251",32,"9,783","13,066"
Merchantville borough,2020,"2,841","5,748","11,280","19,870"
Oaklyn borough,2020,"2,946","5,332","11,677","19,955"
Merchantville borough,2015,"3,222","6,718","8,767","18,708"
Alpha borough,2015,"2,101","1,971","10,647","14,719"
Montague township,2015,"4,659",NDA,"9,414","14,073"
Rockleigh borough,2015,445,"1,129","17,202","18,776"
Lebanon borough,2015,"1,478","1,757","14,107","17,342"
Elmer borough,2015,"8,204","1,721","3,758","13,682"
Alpine borough,2020,"4,522","11,643","4,882","21,047"
Sea Girt borough,2015,"3,920","8,065","7,679","19,664"
Stanhope borough,2020,"3,491",NDA,"11,891","15,382"
Harmony township,2020,"2,582",8,"9,121","11,711"
Mine Hill township,2015,"3,489","3,668","9,742","16,899"
Oaklyn borough,2015,"3,363","6,068","9,151","18,583"
Lawrence township,2015,"2,583","1,017","9,630","13,230"
Farmingdale borough,2020,"1,242","2,142","16,086","19,470"
South Bound Brook borough,2015,"3,543","6,426","9,100","19,069"
Oxford township,2015,"2,397","1,396","11,809","15,602"
Elmer borough,2020,"6,441","1,574","5,987","14,002"
Sea Girt borough,2020,"3,727","7,451","7,652","18,830"
Farmingdale borough,2015,"1,393","2,322","13,759","17,475"
Woodland township,2015,"1,735",NDA,"11,827","13,562"
Hope township,2015,"2,294",NDA,"9,474","11,768"
Liberty township,2015,"3,075",NDA,"9,679","12,754"
Harmony township,2015,"2,882",NDA,"9,302","12,184"
Hopewell township,2020,112,"1,594","10,889","12,595"
Bass River township,2015,"1,573",189,"10,145","11,907"
Liberty township,2020,"2,783",NDA,"7,712","10,495"
Ogdensburg borough,2020,"1,908","1,074","11,363","14,345"
Downe township,2020,"1,288",904,"3,131","5,323"
Frelinghuysen township,2015,"2,565",NDA,"8,114","10,679"
South Toms River borough,2020,"2,225","4,479","8,381","15,085"
Lower Alloways Creek township,2020,442,NDA,"13,314","13,756"
Newfield borough,2015,"4,390","3,920","6,752","15,063"
Hopewell borough,2015,"1,724","2,862","8,458","13,044"
Wenonah borough,2015,"5,840","5,366","6,252","17,458"
Deal borough,2020,"4,692","8,634","4,288","17,614"
Englishtown borough,2015,"2,430","3,756","7,813","13,999"
Lavallette borough,2015,"1,335","11,876","5,194","18,406"
Newfield borough,2020,"3,529","3,535","8,902","15,966"
Englishtown borough,2020,"2,013","3,570","9,007","14,590"
Stone Harbor borough,2015,"6,098","7,297","2,141","15,536"
Montague township,2020,"4,315",NDA,"6,462","10,777"
Wrightstown borough,2015,921,673,"12,018","13,612"
Sandyston township,2015,"2,399",NDA,"7,461","9,860"
Wenonah borough,2020,"4,856","4,541","7,948","17,345"
Hopewell township,2015,163,"1,471","9,381","11,015"
Essex Fells borough,2015,"3,264","9,199","4,713","17,176"
Green township,2020,"4,239",NDA,"7,482","11,722"
Hope township,2020,"1,945",NDA,"7,065","9,010"
Stone Harbor borough,2020,"5,629","7,039","3,020","15,688"
Woodbine borough,2020,"2,304","1,161","7,620","11,084"
Riverton borough,2015,"2,517","5,305","6,844","14,667"
West Amwell township,2020,"3,169","2,327","6,201","11,697"
South Harrison township,2015,782,164,"12,037","12,983"
Rockleigh borough,2020,417,"1,095","5,357","6,869"
Riverton borough,2020,"2,200","4,810","8,093","15,103"
Deal borough,2015,"4,374","7,467","3,248","15,088"
Essex Fells borough,2020,"2,910","8,460","4,726","16,096"
Eagleswood township,2015,"2,288","2,718","8,256","13,262"
Seaside Park borough,2015,"3,313","7,944","2,808","14,064"
National Park borough,2020,"2,348","2,982","10,195","15,526"
Woodbine borough,2015,"2,772",924,"5,919","9,614"
Ship Bottom borough,2020,"2,946","3,438","8,504","14,888"
South Harrison township,2020,605,870,"13,016","14,491"
Brooklawn borough,2015,"1,445","2,496","7,195","11,136"
Woodland township,2020,"1,421",5,"6,698","8,124"
National Park borough,2015,"2,716","3,270","8,003","13,989"
Ogdensburg borough,2015,"2,367",17,"6,626","9,010"
Milford borough,2020,"1,394",70,"4,664","6,129"
Ship Bottom borough,2015,"3,022","3,771","5,820","12,612"
Longport borough,2015,"3,274","6,673","3,821","13,768"
Laurel Springs borough,2015,"2,730","3,489","4,190","10,409"
Brooklawn borough,2020,"1,232","2,280","8,114","11,625"
Seaside Park borough,2020,"3,278","5,447","4,551","13,276"
Laurel Springs borough,2020,"2,538","3,038","5,409","10,985"
Fieldsboro borough,2020,433,758,"2,389","3,579"
Eagleswood township,2020,"1,851","2,528","7,662","12,041"
Frenchtown borough,2015,"1,594",575,"8,888","11,057"
Longport borough,2020,"3,196","5,608","4,314","13,118"
Mantoloking borough,2020,"1,820","11,696",747,"14,263"
Frelinghuysen township,2020,"2,198",NDA,"5,398","7,597"
Sea Bright borough,2020,"2,093","3,032","6,570","11,695"
Fieldsboro borough,2015,510,841,"1,776","3,127"
Avon-by-the-Sea borough,2015,"2,312","5,349","4,064","11,725"
Sandyston township,2020,"2,103",NDA,"5,037","7,140"
Avon-by-the-Sea borough,2020,"2,176","4,723","5,384","12,283"
Bay Head borough,2020,"2,402","4,951","3,431","10,784"
Bay Head borough,2015,"2,358","5,253","2,787","10,397"
Helmetta borough,2020,"1,792","3,332","7,460","12,584"
Beverly city,2015,"1,914","4,044","5,028","10,987"
East Newark borough,2015,"1,132","2,940","6,582","10,655"
Allentown borough,2015,"1,726","3,099","4,314","9,139"
Beverly city,2020,"1,787","3,660","5,742","11,189"
Greenwich township,2015,904,"5,001","1,336","7,242"
Hi-Nella borough,2015,547,504,"1,938","2,989"
Glen Gardner borough,2020,"1,415","3,209","5,702","10,326"
Hi-Nella borough,2020,546,435,"3,379","4,360"
Sea Bright borough,2015,"2,116","3,099","4,386","9,601"
Milford borough,2015,"1,562",27,"7,783","9,373"
Surf City borough,2015,"3,832","4,514","1,848","10,195"
Lavallette borough,2020,"1,396","4,527","5,730","11,653"
Pine Beach borough,2015,"2,237","4,397","4,273","10,907"
Helmetta borough,2015,"1,757","3,738","5,674","11,169"
Greenwich township,2020,717,"4,768","1,623","7,108"
Woodlynne borough,2020,"1,587","3,410","5,131","10,127"
Far Hills borough,2015,"1,981","2,567","4,900","9,448"
Woodlynne borough,2015,"1,741","3,559","4,246","9,546"
Far Hills borough,2020,"1,690","2,494","5,222","9,406"
Frenchtown borough,2020,"1,376","1,458","5,608","8,442"
Ocean Gate borough,2015,"2,062","3,932","4,294","10,288"
Ocean Gate borough,2020,"2,008","3,650","4,837","10,495"
Hampton borough,2015,"1,578",424,"5,277","7,279"
Shiloh borough,2020,482,274,"9,411","10,167"
Hampton borough,2020,"1,423","1,069","5,469","7,962"
Pemberton borough,2020,25,"2,002","5,524","7,552"
Glen Gardner borough,2015,"1,627","1,787","5,469","8,882"
Island Heights borough,2020,"1,694","3,433","4,655","9,782"
Shiloh borough,2015,622,232,"8,686","9,540"
Califon borough,2020,"1,058","1,444","4,038","6,540"
Shrewsbury township,2020,317,860,"7,458","8,634"
Lake Como borough,2020,"1,293","2,958","5,016","9,267"
Lake Como borough,2015,"1,457","3,314","3,722","8,493"
Corbin City city,2020,528,182,"7,628","8,338"
Surf City borough,2020,"3,689","4,468",NDA,"8,157"
Hardwick township,2020,"1,583",NDA,"4,221","5,803"
Chesilhurst borough,2015,"1,621","1,858","4,594","8,073"
Mantoloking borough,2015,"1,301","7,189",778,"9,268"
Allentown borough,2020,"1,486","2,722","2,813","7,021"
Bloomsbury borough,2015,988,273,"5,506","6,767"
East Newark borough,2020,987,"2,702","3,719","7,408"
Chesilhurst borough,2020,"1,269","1,611","4,653","7,533"
Stow Creek township,2015,953,1,"3,817","4,770"
Califon borough,2015,"1,189",774,"3,605","5,568"
Pemberton borough,2015,35,"2,243","5,085","7,363"
Washington township,2020,780,NDA,"4,430","5,211"
Stow Creek township,2020,748,51,"4,266","5,065"
Branchville borough,2015,924,NDA,"2,857","3,781"
Rocky Hill borough,2015,705,"1,266","4,097","6,068"
Washington township,2015,807,NDA,"3,432","4,239"
Victory Gardens borough,2020,808,"1,523","4,538","6,869"
Allenhurst borough,2015,"1,247","3,038","1,488","5,773"
Harvey Cedars borough,2015,"2,094","2,517","1,877","6,489"
Barnegat Light borough,2020,"1,984","2,633","1,597","6,214"
Branchville borough,2020,897,NDA,"3,699","4,596"
Barnegat Light borough,2015,"2,130","2,577","1,045","5,753"
West Cape May borough,2015,"1,843","2,937",524,"5,304"
Bloomsbury borough,2020,811,574,"3,431","4,815"
Winfield township,2020,889,"2,587","3,393","6,869"
Seaside Heights borough,2015,32,"4,581",NDA,"4,612"
Allenhurst borough,2020,"1,312","2,749","1,891","5,952"
Victory Gardens borough,2015,955,"1,569","3,057","5,581"
West Cape May borough,2020,"1,678","2,573",859,"5,109"
Seaside Heights borough,2020,33,"4,335",NDA,"4,368"
Roosevelt borough,2015,777,"1,706","3,397","5,879"
Interlaken borough,2015,"1,133","3,077","1,640","5,850"
Andover borough,2020,704,NDA,"1,912","2,615"
Stockton borough,2015,597,821,"2,807","4,225"
Rocky Hill borough,2020,614,"1,192","2,795","4,601"
Roosevelt borough,2020,648,"1,570","2,927","5,144"
Interlaken borough,2020,"1,040","2,774","1,630","5,445"
Elsinboro township,2015,60,NDA,"1,636","1,695"
Winfield township,2015,"1,031","1,571","2,132","4,733"
Andover borough,2015,780,NDA,"1,964","2,745"
Stockton borough,2020,532,"1,415","1,310","3,257"
Elsinboro township,2020,59,2,"1,907","1,967"
Corbin City city,2015,637,184,341,"1,162"
Cape May Point borough,2015,"1,134",694,475,"2,303"
Audubon Park borough,2020,NDA,NDA,"2,943","2,943"
West Wildwood borough,2015,902,"1,514",52,"2,469"
Cape May Point borough,2020,982,786,400,"2,168"
Millstone borough,2020,378,811,"1,128","2,316"
West Wildwood borough,2020,861,"1,245",54,"2,160"
Millstone borough,2015,414,871,836,"2,121"
Audubon Park borough,2015,NDA,NDA,"2,270","2,270"
Loch Arbour village,2015,386,"1,018",545,"1,949"
Loch Arbour village,2020,462,"1,068",456,"1,985"
Pine Valley borough,2020,43,41,790,874
Pine Valley borough,2015,61,NDA,571,632
Tavistock borough,2020,NDA,NDA,237,237
Walpack township,2015,76,NDA,30,106
Walpack township,2020,46,NDA,16,62
Tavistock borough,2015,NDA,NDA,NDA,0
